Contrato;Modalidade;Status;Placa;Reserva;Grupo Reserva;Grupo Retirada;Canal Venda;Retirada;Loja RET;Devolução;Loja DEV;Diárias;Total do Período;Upgrade/Upsell;Região Retirada;Região Devolução
20011000;Eventual;Aberto;EAF4C91;MV1K5Y5C09BR;FY;HX;Portal Empresa;09/02/2023 14:24;RIO DE JANEIRO-SANTOS DUMONT AERO/MARINA GLORIA;08/03/2023 17:24;JUIZ DE FORA CENTRO;27.0;3.457,88;Upgrade;RAC_RJ_CAPITAL;RAC_ES_RJ_INTERIOR
20012910;Eventual;Aberto;RTW2E49;MV4H58OXL86BR;F;HX;Portal Empresa;09/02/2023 18:21;"Filial ID
IPTA    IPATINGA AEROPORTO
IPTA    IPATINGA AEROPORTO
IPTA    IPATINGA AEROPORTO
Name: Loja, dtype: object";06/03/2023 18:21;"Filial ID
IPTA    IPATINGA AEROPORTO
IPTA    IPATINGA AEROPORTO
IPTA    IPATINGA AEROPORTO
Name: Loja, dtype: object";25.0;3.214,12;Upgrade;"Filial ID
IPTA    RAC_MG
IPTA       NaN
IPTA    RAC_MG
Name: Região, dtype: object";"Filial ID
IPTA    RAC_MG
IPTA       NaN
IPTA    RAC_MG
Name: Região, dtype: object"
20111006;Eventual;Aberto;ENN5C93;MV1KFHHX2OBR;B;D;Portal Empresa;22/02/2023 12:10;SÃO PAULO - BARRA FUNDA;20/03/2023 12:10;SÃO PAULO - BARRA FUNDA;26.0;3.068,08;UpSell;RAC_SP_CAPITAL;RAC_SP_CAPITAL
20120105;Eventual;Aberto;GHG5C71;MV1NSJ4OW6BR;FX;FX;Mobile;23/02/2023 13:00;SOROCABA CAMPOLIM;22/03/2023 12:00;SOROCABA CAMPOLIM;27.0;7.611,53;Upgrade;RAC_SP_INTERIOR;RAC_SP_INTERIOR
20136026;Eventual;Aberto;RTO6B24;MV1UFT3CNABR;BS;H;Mobile;25/02/2023 12:10;BELO HORIZONTE PAMPULHA ANTONIO CARLOS;16/03/2023 15:00;BELO HORIZONTE PAMPULHA ANTONIO CARLOS;19.0;2.158,62;Upgrade;RAC_MG;RAC_MG
20144591;Eventual;Aberto;RUR3J70;MV1RE7BKNBBR;AX;L;Loja - Walk in;27/02/2023 08:12;CONTAGEM;25/03/2023 08:12;CONTAGEM;26.0;5.105,34;Upgrade;RAC_MG;RAC_MG
20145279;Eventual;Aberto;GEW1A93;MV1OGDT16IBR;D;XE;Parcerias;27/02/2023 09:00;SANTOS AFFONSO PENNA;26/03/2023 09:00;SANTOS AFFONSO PENNA;27.0;5.552,38;Upgrade;RAC_SP_ZL_ABC_VP;RAC_SP_ZL_ABC_VP
20147688;Eventual;Aberto;EKS2G83;MV1MT9COQ4BR;SY;SX;Portal Agência;27/02/2023 10:20;MANAUS AEROPORTO;24/03/2023 10:20;MANAUS AEROPORTO;25.0;6.051,36;Upgrade;RAC_NORTE;RAC_NORTE
20149121;Eventual;Aberto;RTT8B91;MV1KQWCYGKBR;BS;FX;Portal Agência;27/02/2023 13:20;RECIFE AEROPORTO;26/03/2023 10:00;RECIFE AEROPORTO;27.0;2.816,25;Upgrade;RAC_NORDESTE;RAC_NORDESTE
20153458;Eventual;Aberto;RTX4C91;MV2250ON44BR;H;HX;Parcerias;28/02/2023 11:43;JUIZ DE FORA CENTRO;27/03/2023 11:43;JUIZ DE FORA CENTRO;27.0;6.206,46;Upgrade;RAC_ES_RJ_INTERIOR;RAC_ES_RJ_INTERIOR
20153599;Eventual;Aberto;RKB7B42;MV1UFT0RMOBR;H;HX;WebServices (XML);28/02/2023 11:50;BELO HORIZONTE PAMPULHA ANTONIO CARLOS;27/03/2023 12:00;BELO HORIZONTE PAMPULHA ANTONIO CARLOS;27.0;3.116,23;Upgrade;RAC_MG;RAC_MG
20155205;Eventual;Aberto;RJD7D77;MV1NH4BWU0BR;B;HX;Mobile;28/02/2023 10:00;PARAUAPEBAS CENTRO;27/03/2023 13:00;PARAUAPEBAS CENTRO;27.0;6.402,48;UpSell;RAC_NORTE;RAC_NORTE
20155813;Eventual;Aberto;GDB6C46;MV1SSOX2MRBR;G;H;WebServices (XML);28/02/2023 10:42;"Filial ID
JDO    JUAZEIRO DO NORTE AEROPORTO
JDO    JUAZEIRO DO NORTE AEROPORTO
JDO    JUAZEIRO DO NORTE AEROPORTO
Name: Loja, dtype: object";24/03/2023 18:00;"Filial ID
JDO    JUAZEIRO DO NORTE AEROPORTO
JDO    JUAZEIRO DO NORTE AEROPORTO
JDO    JUAZEIRO DO NORTE AEROPORTO
Name: Loja, dtype: object";25.0;4.920,72;Upgrade;"Filial ID
JDO    RAC_NORDESTE
JDO             NaN
JDO    RAC_NORDESTE
Name: Região, dtype: object";"Filial ID
JDO    RAC_NORDESTE
JDO             NaN
JDO    RAC_NORDESTE
Name: Região, dtype: object"
20156853;Eventual;Aberto;GHR8F53;MV2MBDPB6RBR;AX;HX;Parcerias;28/02/2023 12:20;SÃO PAULO - NAÇÕES UNIDAS;27/03/2023 15:20;SÃO PAULO - NAÇÕES UNIDAS;27.0;5.638,11;Upgrade;RAC_SP_CAPITAL;RAC_SP_CAPITAL
20156902;Eventual;Aberto;GJX4B17;MV4H1FFDLIJBR;G;HX;Loja - Walk in;26/02/2023 12:01;RIO DE JANEIRO - CAMPO GRANDE;25/03/2023 15:01;RIO DE JANEIRO - CAMPO GRANDE;27.0;5.159,85;UpSell;RAC_RJ_CAPITAL;RAC_RJ_CAPITAL
20157007;Eventual;Aberto;RIU7C23;MV2499JXSPBR;H;HX;WebServices (XML);01/03/2023 10:54;"Filial ID
POA    PORTO ALEGRE AEROPORTO
POA    PORTO ALEGRE AEROPORTO
Name: Loja, dtype: object";27/03/2023 10:00;"Filial ID
POA    PORTO ALEGRE AEROPORTO
POA    PORTO ALEGRE AEROPORTO
Name: Loja, dtype: object";26.0;4.018,56;UpSell;"Filial ID
POA    RAC_SUL_RS_SC
POA    RAC_SUL_RS_SC
Name: Região, dtype: object";"Filial ID
POA    RAC_SUL_RS_SC
POA    RAC_SUL_RS_SC
Name: Região, dtype: object"
20157294;Eventual;Aberto;RUC3J49;MV2YNKPYI1BR;H;QX;Parcerias;28/02/2023 13:30;SÃO PAULO - SHOPPING TUCURUVI;27/03/2023 13:30;SÃO PAULO - AVENIDA ARICANDUVA;27.0;2.978,34;Upgrade;RAC_SP_CAPITAL;RAC_SP_ZL_ABC_VP
20159824;Eventual;Aberto;EKJ0D95;MV23A03A0NBR;AX;HW;Loja - Walk in;27/02/2023 18:43;UBERLÂNDIA AEROPORTO;26/03/2023 18:00;UBERLÂNDIA AEROPORTO;27.0;4.392,06;UpSell;RAC_MG;RAC_MG
20160707;Eventual;Aberto;RTM3I72;MV1JLWYJBMBR;BX;D;Call Center;28/02/2023 22:59;SÃO PAULO - CONGONHAS AEROPORTO;27/03/2023 22:59;SÃO PAULO - CONGONHAS AEROPORTO;27.0;3.816,59;Upgrade;RAC_SP_CAPITAL;RAC_SP_CAPITAL
20160794;Eventual;Aberto;RTT8A52;MV24KOG8SQBR;BX;FX;Loja - Walk in;28/02/2023 23:59;VITÓRIA AEROPORTO;27/03/2023 23:30;VITÓRIA AEROPORTO;27.0;3.000,11;Upgrade;RAC_ES_RJ_INTERIOR;RAC_ES_RJ_INTERIOR
20166412;Eventual;Aberto;RTI2D23;MV1PR34XGEBR;L;LX;Mobile;01/03/2023 17:10;BETIM;26/03/2023 12:00;BETIM;25.0;5.308,52;Upgrade;RAC_MG;RAC_MG
20166992;Eventual;Aberto;GGC9E25;MV1TCQCHP5BR;FX;HX;Portal Agência;01/03/2023 18:12;FORTALEZA CENTRO;05/03/2023 17:00;FORTALEZA AEROPORTO;4.0;1.076,64;Upgrade;RAC_NORDESTE;RAC_NORDESTE
20172141;Eventual;Aberto;RTL4F96;MV1LGNP9MMBR;B;D;Portal Empresa;02/03/2023 14:00;GOIÂNIA AEROPORTO;24/03/2023 14:00;GOIÂNIA AEROPORTO;22.0;2.747,80;Upgrade;RAC_CO;RAC_CO
20172838;Eventual;Aberto;GFO6F73;MV1NH4CROABR;HX;HW;Parcerias;02/03/2023 15:30;PARAUAPEBAS CENTRO;27/03/2023 18:00;PARAUAPEBAS CENTRO;25.0;3.940,05;Upgrade;RAC_NORTE;RAC_NORTE
20181712;Eventual;Aberto;RVF4G05;MV1NH4D6SIBR;BS;L;Loja - Walk in;03/03/2023 16:14;PARAUAPEBAS CENTRO;27/03/2023 18:00;PARAUAPEBAS CENTRO;24.0;4.584,61;UpSell;RAC_NORTE;RAC_NORTE
20184638;Eventual;Aberto;RNF2A86;MV1QB4L1JGBR;FY;HW;Mobile;03/03/2023 20:01;BOA VISTA AEROPORTO;15/03/2023 23:00;BOA VISTA AEROPORTO;12.0;2.112,41;Upgrade;RAC_NORTE;RAC_NORTE
20190401;Eventual;Aberto;RKK6I51;MV1OGDUDWABR;G;HX;Mobile;04/03/2023 13:15;SANTOS AFFONSO PENNA;27/03/2023 13:15;SANTOS AFFONSO PENNA;23.0;5.715,70;Upgrade;RAC_SP_ZL_ABC_VP;RAC_SP_ZL_ABC_VP
20190852;Eventual;Aberto;GFH2I17;MV1K09H7N0BR;B;FX;Call Center;04/03/2023 14:10;FORTALEZA AEROPORTO;19/03/2023 10:30;FORTALEZA AEROPORTO;15.0;2.085,00;Upgrade;RAC_NORDESTE;RAC_NORDESTE
20191121;Eventual;Aberto;RNX6G50;MV1MNJRYSTBR;HX;HY;WebServices (XML);04/03/2023 14:35;TERESINA AEROPORTO;27/03/2023 17:35;TERESINA AEROPORTO;23.0;4.285,55;Upgrade;RAC_NORTE;RAC_NORTE
20193470;Eventual;Aberto;RUQ7F07;MV1JNTJN9VBR;FX;H;Link Colaborador;05/03/2023 07:19;SÃO PAULO - GUARULHOS AEROPORTO;26/03/2023 11:00;SÃO PAULO - GUARULHOS AEROPORTO;21.0;4.692,29;Upgrade;RAC_SP_ZL_ABC_VP;RAC_SP_ZL_ABC_VP
20196551;Eventual;Aberto;RUZ4A30;MV1MFX8R05BR;F;SX;Mobile;05/03/2023 18:20;BELÉM AEROPORTO;27/03/2023 18:20;BELÉM AEROPORTO;22.0;9.984,70;Upgrade;RAC_NORTE;RAC_NORTE
20197148;Eventual;Aberto;RTT8C73;MV1SQSCQCEBR;BX;FX;Mobile;05/03/2023 20:30;SÃO PAULO - RODOVIÁRIA TIETÊ;23/03/2023 20:00;SÃO PAULO - CONSOLAÇÃO;18.0;2.918,76;Upgrade;RAC_SP_CAPITAL;RAC_SP_CAPITAL
20199618;Eventual;Aberto;ESR9H15;MV2D2P5LTLBR;B;HX;Portal Agência;06/03/2023 09:15;BARUERI ALPHAVILLE - TAMBORE;25/03/2023 17:00;BARUERI ALPHAVILLE - TAMBORE;20.0;1.759,97;Upgrade;RAC_SP_INTERIOR;RAC_SP_INTERIOR
20200065;Eventual;Aberto;GJW6I72;MV1MT9OUWDBR;FX;H;Portal Empresa;06/03/2023 08:50;MANAUS AEROPORTO;27/03/2023 15:00;MANAUS AEROPORTO;21.0;2.896,22;Upgrade;RAC_NORTE;RAC_NORTE
20201166;Eventual;Aberto;RTV9B76;MV1Q97Y7VDBR;HX;SS;Loja - Walk in;06/03/2023 10:35;RIO VERDE;22/03/2023 10:00;RIO VERDE;16.0;5.070,86;UpSell;RAC_CO;RAC_CO
20201882;Eventual;Aberto;RTT1J73;MV28C2KP53BR;BS;HY;Portal Empresa;06/03/2023 11:16;SÃO PAULO - SHOPPING DeD - BROOKLIN;27/03/2023 17:00;SÃO PAULO - SHOPPING DeD - BROOKLIN;21.0;4.615,20;Upgrade;RAC_SP_CAPITAL;RAC_SP_CAPITAL
20203108;Eventual;Aberto;CKU3I16;MV1K09GKLUBR;D;FX;Portal Agência;06/03/2023 13:00;FORTALEZA AEROPORTO;24/03/2023 12:00;FORTALEZA AEROPORTO;18.0;2.205,71;Upgrade;RAC_NORDESTE;RAC_NORDESTE
20203930;Eventual;Aberto;RUR5A96;MV1TVRRK3FBR;AX;HW;Parcerias;06/03/2023 14:30;BELO HORIZONTE BARÃO HOMEM DE MELO;27/03/2023 10:00;BELO HORIZONTE BARÃO HOMEM DE MELO;21.0;5.080,24;Upgrade;RAC_MG;RAC_MG
20205278;Eventual;Aberto;RUH7I34;MV1TRYHWC1BR;AX;D;Loja - Walk in;06/03/2023 16:30;PIRACICABA;27/03/2023 19:00;PIRACICABA;21.0;3.669,31;Upgrade;RAC_SP_INTERIOR;RAC_SP_INTERIOR
20206747;Eventual;Aberto;RUY9J21;MV1JI4QK58BR;FX;FY;Mobile;06/03/2023 18:48;SALVADOR AEROPORTO;27/03/2023 18:48;SALVADOR AEROPORTO;21.0;5.119,83;Upgrade;RAC_BA_SE_AL;RAC_BA_SE_AL
20207543;Eventual;Aberto;RFH4I05;MV1MT9PNT7BR;B;FX;Portal Empresa;06/03/2023 20:35;MANAUS AEROPORTO;25/03/2023 11:00;MANAUS CENTRO;19.0;1.629,44;Upgrade;RAC_NORTE;RAC_NORTE
20207578;Eventual;Aberto;RXL0H73;MV24KOHN76BR;AX;FX;Parcerias;06/03/2023 21:30;VITÓRIA AEROPORTO;27/03/2023 21:30;VITÓRIA AEROPORTO;21.0;1.653,93;Upgrade;RAC_ES_RJ_INTERIOR;RAC_ES_RJ_INTERIOR
20207625;Eventual;Aberto;GFO9D74;MV1SQSD2RWBR;BX;H;Call Center;06/03/2023 21:45;SÃO PAULO - RODOVIÁRIA TIETÊ;27/03/2023 22:00;SÃO PAULO - RODOVIÁRIA TIETÊ;21.0;1.905,83;Upgrade;RAC_SP_CAPITAL;RAC_SP_CAPITAL
20207664;Eventual;Aberto;RKP7E88;MV1SQSD2CLBR;BX;G;Parcerias;06/03/2023 21:55;SÃO PAULO - RODOVIÁRIA TIETÊ;27/03/2023 22:00;SÃO PAULO - RODOVIÁRIA TIETÊ;21.0;2.117,51;Upgrade;RAC_SP_CAPITAL;RAC_SP_CAPITAL
20207829;Eventual;Aberto;RTP0A24;MV1JTJK0D8BR;D;H;Website Movida;06/03/2023 22:52;BELO HORIZONTE AEROPORTO CONFINS;27/03/2023 16:00;BELO HORIZONTE LOURDES BIAS FORTES;21.0;2.740,20;Upgrade;RAC_MG;RAC_MG
20207952;Eventual;Aberto;RUB6F24;MV1TO68B19BR;HW;HY;Parcerias;07/03/2023 00:00;SÃO PAULO - JUSCELINO KUBITSCHEK;27/03/2023 23:59;SÃO PAULO - JUSCELINO KUBITSCHEK;21.0;4.033,44;Upgrade;RAC_SP_CAPITAL;RAC_SP_CAPITAL
20208508;Eventual;Aberto;FXV9F74;MV1NJ113F2BR;F;FX;Call Center;07/03/2023 07:27;CAMPINAS MORAES SALES;27/03/2023 07:27;CAMPINAS MORAES SALES;20.0;2.770,70;Upgrade;RAC_SP_INTERIOR;RAC_SP_INTERIOR
20208801;Eventual;Aberto;RKJ7C41;MV1JNTNPYABR;F;G;WebServices (XML);07/03/2023 08:10;SÃO PAULO - GUARULHOS AEROPORTO;27/03/2023 22:00;SÃO PAULO - GUARULHOS AEROPORTO;21.0;1.621,62;Upgrade;RAC_SP_ZL_ABC_VP;RAC_SP_ZL_ABC_VP
20211285;Eventual;Aberto;RTL5A40;MV1SSOHKXSBR;D;H;WebServices (XML);07/03/2023 12:03;"Filial ID
JDO    JUAZEIRO DO NORTE AEROPORTO
JDO    JUAZEIRO DO NORTE AEROPORTO
JDO    JUAZEIRO DO NORTE AEROPORTO
Name: Loja, dtype: object";27/03/2023 15:00;"Filial ID
JDO    JUAZEIRO DO NORTE AEROPORTO
JDO    JUAZEIRO DO NORTE AEROPORTO
JDO    JUAZEIRO DO NORTE AEROPORTO
Name: Loja, dtype: object";20.0;2.462,60;Upgrade;"Filial ID
JDO    RAC_NORDESTE
JDO             NaN
JDO    RAC_NORDESTE
Name: Região, dtype: object";"Filial ID
JDO    RAC_NORDESTE
JDO             NaN
JDO    RAC_NORDESTE
Name: Região, dtype: object"
20215626;Eventual;Aberto;RTW7I68;MV1QB4M8KABR;BX;HX;Loja - Walk in;08/03/2023 23:39;BOA VISTA AEROPORTO;17/03/2023 23:39;BOA VISTA AEROPORTO;9.0;1.229,41;Upgrade;RAC_NORTE;RAC_NORTE
20216633;Eventual;Aberto;RVH0I45;MV1MFX9K09BR;F;SY;Website Movida;08/03/2023 08:40;BELÉM AEROPORTO;27/03/2023 08:40;BELÉM AEROPORTO;19.0;8.062,89;Upgrade;RAC_NORTE;RAC_NORTE
20218583;Eventual;Aberto;RTW7H98;MV1K7V2TRABR;HX;QX;Mobile;08/03/2023 11:43;BELO HORIZONTE LOURDES BIAS FORTES;20/03/2023 11:43;BELO HORIZONTE LOURDES BIAS FORTES;12.0;3.370,62;Upgrade;RAC_MG;RAC_MG
20219054;Eventual;Aberto;RTM1D45;MV1JVG8OCLBR;F;H;Loja - Walk in;08/03/2023 12:40;RIO DE JANEIRO - GALEÃO AEROPORTO;27/03/2023 18:00;RIO DE JANEIRO-SANTOS DUMONT AERO/MARINA GLORIA;19.0;2.620,16;Upgrade;RAC_ES_RJ_INTERIOR;RAC_RJ_CAPITAL
20219478;Eventual;Aberto;RUE4G02;MV1JLWY0Y0BR;FY;H;Call Center;08/03/2023 16:00;SÃO PAULO - CONGONHAS AEROPORTO;27/03/2023 19:00;SÃO PAULO - CONGONHAS AEROPORTO;19.0;4.275,77;Upgrade;RAC_SP_CAPITAL;RAC_SP_CAPITAL
20221215;Eventual;Aberto;RUB6E44;MV1SN03I7XBR;HX;SX;Loja - Walk in;08/03/2023 17:34;MARABÁ AEROPORTO EXTERNO;22/03/2023 17:00;MARABÁ AEROPORTO EXTERNO;14.0;4.298,99;Upgrade;RAC_NORTE;RAC_NORTE
20224183;Eventual;Aberto;RTU4I79;MV1KWMDS1YBR;B;D;Portal Empresa;09/03/2023 09:45;BRASILIA AEROPORTO;24/03/2023 11:00;BRASILIA AEROPORTO;15.0;1.714,95;Upgrade;RAC_CO;RAC_CO
20224552;Eventual;Aberto;FEJ2I52;MV1VSF62UCBR;B;D;Parcerias;09/03/2023 10:14;PELOTAS;27/03/2023 10:14;PELOTAS;18.0;2.759,23;Upgrade;RAC_SUL_RS_SC;RAC_SUL_RS_SC
20226501;Eventual;Aberto;GHK1D27;MV1RE7ERCYBR;F;HX;Parcerias;09/03/2023 14:25;CONTAGEM;24/03/2023 14:25;CONTAGEM;15.0;2.187,14;Upgrade;RAC_MG;RAC_MG
20228382;Eventual;Aberto;RUI4F36;MV1MNJTJ34BR;AX;HX;Portal Empresa;09/03/2023 18:23;TERESINA AEROPORTO;27/03/2023 18:23;TERESINA AEROPORTO;18.0;2.124,06;Upgrade;RAC_NORTE;RAC_NORTE
20229224;Eventual;Aberto;RIZ6F70;MV1SQSE3QXBR;B;G;Mobile;09/03/2023 21:35;SÃO PAULO - RODOVIÁRIA TIETÊ;27/03/2023 21:35;SÃO PAULO - RODOVIÁRIA TIETÊ;18.0;2.097,09;Upgrade;RAC_SP_CAPITAL;RAC_SP_CAPITAL
20229357;Eventual;Aberto;RIQ7C63;MV1JVFYS71BR;FX;HX;WebServices (XML);09/03/2023 22:05;RIO DE JANEIRO - GALEÃO AEROPORTO;27/03/2023 22:05;RESENDE;18.0;4.276,07;Upgrade;RAC_ES_RJ_INTERIOR;RAC_ES_RJ_INTERIOR
20230997;Eventual;Aberto;RUC7I76;MV1QQCPV62BR;MR;MR;Mobile;10/03/2023 08:43;POUSO ALEGRE;27/03/2023 08:00;RIO DE JANEIRO - GALEÃO AEROPORTO;17.0;10.597,16;UpSell;RAC_MG;RAC_ES_RJ_INTERIOR
20231965;Eventual;Aberto;RTK6C39;MV1QXYB9AOBR;B;D;Portal Empresa;10/03/2023 09:16;MANAUS CENTRO;25/03/2023 10:20;MANAUS CENTRO;15.0;1.854,05;UpSell;RAC_NORTE;RAC_NORTE
20232645;Eventual;Aberto;RTX0J10;MV1JNTN6X4BR;G;G;Website Movida;10/03/2023 11:20;SÃO PAULO - GUARULHOS AEROPORTO;27/03/2023 18:30;SÃO PAULO - GUARULHOS AEROPORTO;18.0;4.601,54;UpSell;RAC_SP_ZL_ABC_VP;RAC_SP_ZL_ABC_VP
20235374;Eventual;Aberto;RTN5F91;MV1MC4A7OVBR;SY;SX;SABRE;10/03/2023 14:38;CUIABA AEROPORTO;27/03/2023 18:00;CUIABA AEROPORTO;17.0;5.771,31;Upgrade;RAC_CO;RAC_CO
20236951;Eventual;Aberto;RTR3C69;MV1KWMEBVDBR;HX;HY;Loja - Walk in;10/03/2023 18:15;BRASILIA AEROPORTO;27/03/2023 18:30;BRASILIA AEROPORTO;17.0;6.626,55;Upgrade;RAC_CO;RAC_CO
20238352;Eventual;Aberto;RUE1C71;MV1JTJLI44BR;H;QX;Portal Empresa;10/03/2023 20:59;BELO HORIZONTE AEROPORTO CONFINS;22/03/2023 23:59;BELO HORIZONTE AEROPORTO CONFINS;12.0;3.145,87;UpSell;RAC_MG;RAC_MG
20238556;Eventual;Aberto;EIM9E62;MV1S05GCUKBR;B;D;Call Center;10/03/2023 21:45;NAVEGANTES AEROPORTO;24/03/2023 21:00;NAVEGANTES AEROPORTO;14.0;1.671,49;Upgrade;RAC_SUL_PR_SC;RAC_SUL_PR_SC
20239313;Eventual;Aberto;GGC6H41;MV1JK0V6V9BR;D;H;WebServices (XML);11/03/2023 07:30;RIO DE JANEIRO - BARRA DA TIJUCA;27/03/2023 10:00;RIO DE JANEIRO - BARRA DA TIJUCA;16.0;2.044,36;Upgrade;RAC_RJ_CAPITAL;RAC_RJ_CAPITAL
20242148;Eventual;Aberto;GCK2E56;MV1MYYM0DYBR;F;H;Portal Agência;11/03/2023 11:40;RIBEIRÃO PRETO CASTELO BRANCO;25/03/2023 14:40;RIBEIRÃO PRETO CASTELO BRANCO;14.0;1.418,57;Upgrade;RAC_MG;RAC_MG
20242274;Eventual;Aberto;SDS8D21;MV1TRYIQLPBR;HX;KE;Portal Empresa;11/03/2023 11:33;PIRACICABA;18/03/2023 10:00;PIRACICABA;7.0;5.291,53;Upgrade;RAC_SP_INTERIOR;RAC_SP_INTERIOR
20243546;Eventual;Aberto;RUF1F72;MV1MPGHEO4BR;H;HW;Portal Empresa;11/03/2023 13:39;PALMAS AEROPORTO;26/03/2023 16:00;PALMAS AEROPORTO;15.0;4.130,28;Upgrade;RAC_CO;RAC_CO
20243859;Eventual;Aberto;RTN5D32;MV1JLX1FYIBR;HY;KX;Mobile;11/03/2023 14:25;SÃO PAULO - CONGONHAS AEROPORTO;26/03/2023 14:25;SÃO PAULO - CONGONHAS AEROPORTO;15.0;5.285,78;Upgrade;RAC_SP_CAPITAL;RAC_SP_CAPITAL
20244537;Eventual;Aberto;ESR3H51;MV1MNJGW4OBR;SS;SY;Website Movida;13/03/2023 16:19;TERESINA AEROPORTO;27/03/2023 16:00;TERESINA AEROPORTO;14.0;2.517,27;Upgrade;RAC_NORTE;RAC_NORTE
20245813;Eventual;Aberto;GGU4J24;MV1JI4R71TBR;C;D;Portal Agência;12/03/2023 07:50;SALVADOR AEROPORTO;26/03/2023 07:00;SALVADOR AEROPORTO;14.0;2.151,61;Upgrade;RAC_BA_SE_AL;RAC_BA_SE_AL
20246595;Eventual;Aberto;RNS2B77;MV4H06MRUSIBR;BS;H;Mobile;12/03/2023 12:18;RIO DE JANEIRO - BANGU SHOPPING;24/03/2023 12:00;RIO DE JANEIRO - GALEÃO AEROPORTO;12.0;2.043,96;Upgrade;RAC_RJ_CAPITAL;RAC_ES_RJ_INTERIOR
20247285;Eventual;Aberto;RJQ7E23;MV1JLX2XLXBR;B;HX;Loja - Walk in;12/03/2023 14:10;SÃO PAULO - CONGONHAS AEROPORTO;27/03/2023 14:10;SÃO PAULO - CONGONHAS AEROPORTO;15.0;1.807,25;Upgrade;RAC_SP_CAPITAL;RAC_SP_CAPITAL
20247359;Eventual;Aberto;RNB3B09;MV2WUQR7B6BR;C;H;Parcerias;12/03/2023 14:05;SÃO PAULO - CRUZEIRO DO SUL;27/03/2023 14:05;SÃO PAULO - CRUZEIRO DO SUL;15.0;2.209,20;Upgrade;RAC_SP_CAPITAL;RAC_SP_CAPITAL
20248104;Eventual;Aberto;RUE6B32;MV1Q3I3YBRBR;HW;HW;Call Center;12/03/2023 17:20;COTIA GRANJA VIANNA SHOPPING;27/03/2023 17:20;SÃO PAULO - ITAIM BIBI BRASCAN;15.0;2.140,29;Upgrade;RAC_SP_INTERIOR;RAC_SP_CAPITAL
20250633;Eventual;Aberto;EOD4C15;MV1MFXACUXBR;SX;SY;Portal Empresa;13/03/2023 08:25;BELÉM AEROPORTO;27/03/2023 08:25;BELÉM AEROPORTO;14.0;5.077,45;UpSell;RAC_NORTE;RAC_NORTE
20252292;Eventual;Aberto;RTE9E19;MV1MYYOHURBR;D;H;Parcerias;13/03/2023 11:35;RIBEIRÃO PRETO CASTELO BRANCO;27/03/2023 11:35;RIBEIRÃO PRETO CASTELO BRANCO;14.0;3.786,23;Upgrade;RAC_MG;RAC_MG
20252653;Eventual;Aberto;RTO7I09;MV1SHA6SHPBR;D;H;Parcerias;13/03/2023 10:36;CURITIBA AEROPORTO;27/03/2023 13:30;CURITIBA AEROPORTO;14.0;2.383,94;Upgrade;RAC_SUL_PR_SC;RAC_SUL_PR_SC
20253435;Eventual;Aberto;GEU3H36;MV1MFXAUNOBR;B;D;Call Center;13/03/2023 11:39;BELÉM AEROPORTO;27/03/2023 11:39;BELÉM AEROPORTO;14.0;1.561,00;Upgrade;RAC_NORTE;RAC_NORTE
20258723;Eventual;Aberto;RUR4J13;MV1KST586DBR;BS;HW;Portal Agência;14/03/2023 02:21;CAMPO GRANDE AEROPORTO;25/03/2023 12:00;CAMPO GRANDE AEROPORTO;12.0;1.582,69;Upgrade;RAC_CO;RAC_CO
20260809;Eventual;Aberto;RUW0D76;MV1UFT8D4BBR;BX;L;Website Movida;14/03/2023 21:00;BELO HORIZONTE PAMPULHA ANTONIO CARLOS;24/03/2023 21:00;BELO HORIZONTE PAMPULHA ANTONIO CARLOS;10.0;1.677,76;Upgrade;RAC_MG;RAC_MG
20261948;Eventual;Aberto;RNH4F30;MV1SHA6CAABR;H;HW;WebServices (XML);14/03/2023 12:20;CURITIBA AEROPORTO;27/03/2023 13:00;CURITIBA AEROPORTO;13.0;1.757,36;Upgrade;RAC_SUL_PR_SC;RAC_SUL_PR_SC
20263733;Eventual;Aberto;RKJ7C38;MV282JG575BR;BX;G;WebServices (XML);14/03/2023 16:30;RIO DE JANEIRO - BARRA DA TIJUCA AYRTON SENNA;18/03/2023 14:00;RIO DE JANEIRO - BARRA DA TIJUCA AYRTON SENNA;4.0;734,14;Upgrade;RAC_RJ_CAPITAL;RAC_RJ_CAPITAL
20264091;Eventual;Aberto;RTM2C59;MV1Q3I4LE4BR;D;HX;Mobile;14/03/2023 17:09;COTIA GRANJA VIANNA SHOPPING;20/03/2023 17:09;COTIA GRANJA VIANNA SHOPPING;6.0;696,26;Upgrade;RAC_SP_INTERIOR;RAC_SP_INTERIOR
20264338;Eventual;Aberto;RJD6G21;MV4H1HC54YIBR;H;HX;Mobile;14/03/2023 17:43;SÃO PAULO - SHOPPING FREI CANECA;27/03/2023 18:00;SÃO PAULO - JUSCELINO KUBITSCHEK;13.0;4.114,91;Upgrade;RAC_SP_CAPITAL;RAC_SP_CAPITAL
20267869;Eventual;Aberto;RUG2E67;MV4H2AVPQBLBR;F;H;Portal Empresa;15/03/2023 10:50;BARREIRAS;18/03/2023 10:00;BARREIRAS;3.0;386,28;Upgrade;RAC_NORDESTE;RAC_NORDESTE
20269063;Eventual;Aberto;GIY8F97;MV4H1BM8635BR;BX;D;Mobile;15/03/2023 12:00;SINOP;25/03/2023 12:00;SINOP;10.0;1.740,82;Upgrade;RAC_CO;RAC_CO
20269885;Eventual;Aberto;RUC0E99;MV1JVGAIYRBR;F;HX;Call Center;15/03/2023 15:00;RIO DE JANEIRO - GALEÃO AEROPORTO;23/03/2023 14:00;RIO DE JANEIRO - GALEÃO AEROPORTO;8.0;2.007,20;Upgrade;RAC_ES_RJ_INTERIOR;RAC_ES_RJ_INTERIOR
20269888;Eventual;Aberto;RUC3I29;MV28FUX5ATBR;HW;QX;WebServices (XML);15/03/2023 15:00;RIO DE JANEIRO - BARRA DA TIJUCA EXTRA;27/03/2023 15:00;RIO DE JANEIRO - BARRA DA TIJUCA EXTRA;12.0;3.079,80;Upgrade;RAC_RJ_CAPITAL;RAC_RJ_CAPITAL
20269896;Eventual;Aberto;RIS7H58;MV1K5YHD0NBR;H;HX;WebServices (XML);15/03/2023 14:55;RIO DE JANEIRO-SANTOS DUMONT AERO/MARINA GLORIA;27/03/2023 19:00;RIO DE JANEIRO-SANTOS DUMONT AERO/MARINA GLORIA;12.0;2.627,55;Upgrade;RAC_RJ_CAPITAL;RAC_RJ_CAPITAL
20270088;Eventual;Aberto;RTG2D00;MV28FUWV7VBR;FX;H;Portal Agência;15/03/2023 15:25;RIO DE JANEIRO - BARRA DA TIJUCA EXTRA;26/03/2023 18:25;RIO DE JANEIRO - BARRA DA TIJUCA EXTRA;11.0;1.931,29;Upgrade;RAC_RJ_CAPITAL;RAC_RJ_CAPITAL
20270110;Eventual;Aberto;GJZ7G57;MV1QXYCLH7BR;C;FX;Portal Empresa;15/03/2023 15:00;MANAUS CENTRO;25/03/2023 15:00;MANAUS CENTRO;10.0;973,62;Upgrade;RAC_NORTE;RAC_NORTE
20270831;Eventual;Aberto;RMN3C34;MV4H1FFI3LHBR;B;HW;Loja - Walk in;15/03/2023 17:05;RIO DE JANEIRO - CAMPO GRANDE;27/03/2023 17:05;RIO DE JANEIRO - CAMPO GRANDE;12.0;1.581,62;Upgrade;RAC_RJ_CAPITAL;RAC_RJ_CAPITAL
20270997;Eventual;Aberto;GJC9D94;MV2WFIHLS7BR;D;H;Mobile;15/03/2023 17:20;NOVA IGUAÇU;27/03/2023 18:00;NOVA IGUAÇU;12.0;1.837,61;Upgrade;RAC_ES_RJ_INTERIOR;RAC_ES_RJ_INTERIOR
20271140;Eventual;Aberto;GJP2A45;MV4H1J8Q76QBR;F;HX;Parcerias;15/03/2023 17:31;CAMPINAS - SHOPPING PARQUE DOM PEDRO;22/03/2023 17:31;CAMPINAS - SHOPPING PARQUE DOM PEDRO;7.0;1.263,66;Upgrade;RAC_SP_INTERIOR;RAC_SP_INTERIOR
20271332;Eventual;Aberto;GJP8F63;MV1Q981UMHBR;HX;QX;Call Center;15/03/2023 18:02;RIO VERDE;22/03/2023 17:00;RIO VERDE;7.0;1.022,00;Upgrade;RAC_CO;RAC_CO
20271895;Eventual;Aberto;RIU6F32;MV1KQWII7RBR;F;HX;Website Movida;16/03/2023 01:34;RECIFE AEROPORTO;18/03/2023 04:34;RECIFE AEROPORTO;2.0;253,99;Upgrade;RAC_NORDESTE;RAC_NORDESTE
20274139;Eventual;Aberto;FGB9F61;MV24KOKJJ3BR;B;D;Call Center;16/03/2023 09:30;VITÓRIA AEROPORTO;19/03/2023 12:30;VITÓRIA AEROPORTO;3.0;652,00;Upgrade;RAC_ES_RJ_INTERIOR;RAC_ES_RJ_INTERIOR
20274798;Eventual;Aberto;GHS5I92;MV1MFXBTGEBR;F;HX;Portal Agência;16/03/2023 10:34;BELÉM AEROPORTO;27/03/2023 10:30;BELÉM AEROPORTO;11.0;1.843,69;Upgrade;RAC_NORTE;RAC_NORTE
20275515;Eventual;Aberto;RIS7H88;MV1T54MJD5BR;FX;HX;Parcerias;16/03/2023 11:55;SÃO PAULO - SHOPPING BUTANTÃ;27/03/2023 12:00;SÃO PAULO - SHOPPING BUTANTÃ;11.0;1.832,97;Upgrade;RAC_SP_CAPITAL;RAC_SP_CAPITAL
20275893;Eventual;Aberto;RIU7C16;MV27TWWETSBR;BX;HX;Mobile;16/03/2023 12:35;SÃO PAULO - VILA LEOPOLDINA;27/03/2023 12:11;SÃO PAULO - VILA LEOPOLDINA;11.0;2.000,17;Upgrade;RAC_SP_CAPITAL;RAC_SP_CAPITAL
20276009;Eventual;Aberto;RTG0H53;MV2499OYQDBR;HY;HY;WebServices (XML);16/03/2023 12:45;"Filial ID
POA    PORTO ALEGRE AEROPORTO
POA    PORTO ALEGRE AEROPORTO
Name: Loja, dtype: object";17/03/2023 14:24;"Filial ID
POA    PORTO ALEGRE AEROPORTO
POA    PORTO ALEGRE AEROPORTO
Name: Loja, dtype: object";1.0;361,79;UpSell;"Filial ID
POA    RAC_SUL_RS_SC
POA    RAC_SUL_RS_SC
Name: Região, dtype: object";"Filial ID
POA    RAC_SUL_RS_SC
POA    RAC_SUL_RS_SC
Name: Região, dtype: object"
20276394;Eventual;Aberto;QXS9D66;MV1QXYCWVKBR;AX;HW;Website Movida;16/03/2023 13:23;MANAUS CENTRO;27/03/2023 13:23;MANAUS CENTRO;11.0;2.014,49;Upgrade;RAC_NORTE;RAC_NORTE
20276571;Eventual;Aberto;RTW2D83;MV1MFX7NH5BR;BX;HX;Mobile;16/03/2023 14:10;BELÉM AEROPORTO;27/03/2023 14:10;BELÉM AEROPORTO;11.0;1.988,11;Upgrade;RAC_NORTE;RAC_NORTE
20277250;Eventual;Aberto;RUG4E26;MV1Q1LDM0CBR;D;H;Parcerias;16/03/2023 15:12;NITERÓI;27/03/2023 15:00;NITERÓI;11.0;1.329,89;Upgrade;RAC_RJ_CAPITAL;RAC_RJ_CAPITAL
20277647;Eventual;Aberto;RJU8A81;MV1UFT93FYBR;D;HX;Website Movida;16/03/2023 16:15;BELO HORIZONTE PAMPULHA ANTONIO CARLOS;24/03/2023 15:30;BELO HORIZONTE PAMPULHA ANTONIO CARLOS;8.0;1.614,32;Upgrade;RAC_MG;RAC_MG
20277937;Eventual;Aberto;RUF1F74;MV1S05GP0CBR;F;HW;Mobile;16/03/2023 17:00;NAVEGANTES AEROPORTO;27/03/2023 17:30;NAVEGANTES AEROPORTO;11.0;1.762,03;Upgrade;RAC_SUL_PR_SC;RAC_SUL_PR_SC
20278695;Eventual;Aberto;RUD3G91;MV1MC4YDH4BR;HX;HW;Portal Empresa;16/03/2023 17:24;CUIABA AEROPORTO;21/03/2023 18:00;CUIABA AEROPORTO;5.0;1.077,49;UpSell;RAC_CO;RAC_CO
20279803;Eventual;Aberto;RTS8D98;MV1SDGWVJ5BR;HX;HY;Mobile;17/03/2023 13:21;BLUMENAU;27/03/2023 14:00;BLUMENAU;10.0;1.576,83;Upgrade;RAC_SUL_PR_SC;RAC_SUL_PR_SC
20280094;Eventual;Aberto;RUF1F32;MV1JNTQ3TPBR;H;HW;WebServices (XML);17/03/2023 06:10;SÃO PAULO - GUARULHOS AEROPORTO;17/03/2023 15:44;CAMPINAS MORAES SALES;1.0;276,67;Upgrade;RAC_SP_ZL_ABC_VP;RAC_SP_INTERIOR
20282672;Eventual;Aberto;RTL9J57;MV1NOQ14OTBR;F;H;Parcerias;17/03/2023 11:08;ARACAJU AEROPORTO;27/03/2023 12:00;ARACAJU AEROPORTO;10.0;1.967,59;Upgrade;RAC_BA_SE_AL;RAC_BA_SE_AL
20283511;Eventual;Aberto;FIJ3C42;MV1JVG7AY0BR;HW;HX;Portal Empresa;17/03/2023 12:30;RIO DE JANEIRO - GALEÃO AEROPORTO;27/03/2023 15:30;RIO DE JANEIRO - GALEÃO AEROPORTO;10.0;2.128,34;Upgrade;RAC_ES_RJ_INTERIOR;RAC_ES_RJ_INTERIOR
20283529;Eventual;Aberto;RMU9G40;MV1MNJSMVABR;D;H;WebServices (XML);17/03/2023 12:50;TERESINA AEROPORTO;27/03/2023 12:50;ARACAJU AEROPORTO;10.0;3.032,51;Upgrade;RAC_NORTE;RAC_BA_SE_AL
20284125;Eventual;Aberto;GHY2B34;MV1RE7FCV6BR;H;HX;WebServices (XML);17/03/2023 13:30;CONTAGEM;27/03/2023 13:30;CONTAGEM;10.0;1.492,83;Upgrade;RAC_MG;RAC_MG
20284783;Eventual;Aberto;RUC9F98;MV1UFT8SXSBR;D;H;Call Center;17/03/2023 14:28;BELO HORIZONTE PAMPULHA ANTONIO CARLOS;24/03/2023 17:00;BELO HORIZONTE PAMPULHA ANTONIO CARLOS;7.0;1.300,89;Upgrade;RAC_MG;RAC_MG
20285937;Eventual;Aberto;EXU9A87;MV1PLDE695BR;BS;FX;Portal Empresa;17/03/2023 16:12;AMERICANA;27/03/2023 16:12;AMERICANA;10.0;1.498,11;Upgrade;RAC_SP_INTERIOR;RAC_SP_INTERIOR
20286178;Eventual;Aberto;RXP4C31;MV1JNTQNG9BR;HX;HY;Mobile;17/03/2023 16:33;SÃO PAULO - GUARULHOS AEROPORTO;19/03/2023 21:00;SÃO PAULO - GUARULHOS AEROPORTO;2.0;601,42;Upgrade;RAC_SP_ZL_ABC_VP;RAC_SP_ZL_ABC_VP
20286299;Eventual;Aberto;RTB8H38;MV208DH9WHBR;D;H;Portal Empresa;17/03/2023 16:42;SÃO PAULO - MOEMA;27/03/2023 16:42;SÃO PAULO - MOEMA;10.0;1.180,03;Upgrade;RAC_SP_CAPITAL;RAC_SP_CAPITAL
20286872;Eventual;Aberto;GES5H63;MV1JLX3W22BR;F;H;WebServices (XML);17/03/2023 17:30;SÃO PAULO - CONGONHAS AEROPORTO;27/03/2023 17:00;SÃO PAULO - CONGONHAS AEROPORTO;10.0;2.439,01;Upgrade;RAC_SP_CAPITAL;RAC_SP_CAPITAL
20287083;Eventual;Aberto;RUH8D34;MV1KUPSQOABR;F;HX;Call Center;17/03/2023 17:45;SÃO LUÍS AEROPORTO;27/03/2023 18:00;SÃO LUÍS AEROPORTO;10.0;2.045,00;Upgrade;RAC_NORTE;RAC_NORTE
20287187;Eventual;Aberto;RUG4E30;MV258J9IMOBR;HW;H;Call Center;17/03/2023 16:55;CUIABA CENTRO;24/03/2023 18:00;CUIABA CENTRO;7.0;1.230,26;UpSell;RAC_CO;RAC_CO
20290494;Eventual;Aberto;RKA7F73;MV301WAKN7BR;BX;HX;Mobile;18/03/2023 08:54;SÃO PAULO - SHOPPING ELDORADO;27/03/2023 19:30;SÃO PAULO - SHOPPING ELDORADO;10.0;1.333,05;Upgrade;RAC_SP_CAPITAL;RAC_SP_CAPITAL
20290882;Eventual;Aberto;RUD7C77;MV208DGWU1BR;HX;HY;Portal Agência;18/03/2023 09:25;SÃO PAULO - MOEMA;25/03/2023 10:00;SÃO PAULO - MOEMA;7.0;2.089,67;Upgrade;RAC_SP_CAPITAL;RAC_SP_CAPITAL
20290955;Eventual;Aberto;CUI1A88;MV1UJMJ6TABR;D;H;Portal Empresa;18/03/2023 08:30;CAMPO GRANDE CENTRO;22/03/2023 10:00;CAMPO GRANDE CENTRO;4.0;472,00;Upgrade;RAC_CO;RAC_CO
20291346;Eventual;Aberto;RVF5E30;MV1UJMJATQBR;BX;FY;Mobile;18/03/2023 09:00;CAMPO GRANDE CENTRO;27/03/2023 09:00;CAMPO GRANDE CENTRO;9.0;2.183,12;Upgrade;RAC_CO;RAC_CO
20291548;Eventual;Aberto;RTB1B54;MV1O8RF7AOBR;FX;M;Portal Empresa;18/03/2023 10:11;SÃO PAULO - SHOPPING CAMPO LIMPO;25/03/2023 10:00;SÃO PAULO - SHOPPING CAMPO LIMPO;7.0;1.059,32;Upgrade;RAC_SP_CAPITAL;RAC_SP_CAPITAL
20291644;Eventual;Aberto;RTO8F48;MV1N1VDGF0BR;FY;H;Mobile;18/03/2023 10:19;MACAÉ;27/03/2023 12:00;MACAÉ;9.0;1.641,26;UpSell;RAC_ES_RJ_INTERIOR;RAC_ES_RJ_INTERIOR
20293034;Eventual;Aberto;RKV7H97;MV1OXIN724BR;C;HX;WebServices (XML);18/03/2023 12:20;INDAIATUBA;25/03/2023 12:00;INDAIATUBA;7.0;1.040,71;Upgrade;RAC_SP_INTERIOR;RAC_SP_INTERIOR
20293513;Eventual;Aberto;RKU6J05;MV1KQWGBE5BR;F;G;Call Center;18/03/2023 13:10;RECIFE AEROPORTO;27/03/2023 14:00;ARACAJU AEROPORTO;9.0;2.208,20;Upgrade;RAC_NORDESTE;RAC_BA_SE_AL
20293705;Eventual;Aberto;GAH3H53;MV1KQW3KFDBR;H;HX;WebServices (XML);18/03/2023 13:25;RECIFE AEROPORTO;27/03/2023 14:00;ARACAJU AEROPORTO;9.0;2.180,36;Upgrade;RAC_NORDESTE;RAC_BA_SE_AL
20293826;Eventual;Aberto;RTB8A01;MV1MT9T2KTBR;AX;HX;Website Movida;18/03/2023 13:00;MANAUS AEROPORTO;27/03/2023 13:00;MANAUS AEROPORTO;9.0;2.284,68;Upgrade;RAC_NORTE;RAC_NORTE
20294779;Eventual;Aberto;FXZ5C54;MV1ND9JDORBR;G;HX;Portal Agência;18/03/2023 16:40;JOÃO PESSOA AEROPORTO;27/03/2023 16:00;NATAL AEROPORTO;9.0;2.164,65;Upgrade;RAC_NORDESTE;RAC_NORDESTE
20295223;Eventual;Aberto;RTL4J15;MV1KQWJ7XUBR;G;H;Portal Empresa;18/03/2023 18:32;RECIFE AEROPORTO;26/03/2023 10:00;RECIFE AEROPORTO;8.0;2.081,68;Upgrade;RAC_NORDESTE;RAC_NORDESTE
20296224;Eventual;Aberto;RTL5B79;MV28C2NAKIBR;FY;FX;Parcerias;19/03/2023 12:33;SÃO PAULO - SHOPPING DeD - BROOKLIN;27/03/2023 15:33;SÃO PAULO - SHOPPING DeD - BROOKLIN;8.0;1.980,37;UpSell;RAC_SP_CAPITAL;RAC_SP_CAPITAL
20296737;Eventual;Aberto;RXR3J31;MV1RE7HJ1FBR;AX;HY;Loja - Walk in;19/03/2023 10:50;CONTAGEM;27/03/2023 10:50;CONTAGEM;8.0;2.730,27;Upgrade;RAC_MG;RAC_MG
20297880;Eventual;Aberto;RTO1D04;MV4H1J8RR4RBR;F;H;Call Center;19/03/2023 14:40;CAMPINAS - SHOPPING PARQUE DOM PEDRO;27/03/2023 15:00;CAMPINAS - SHOPPING PARQUE DOM PEDRO;8.0;1.935,62;Upgrade;RAC_SP_INTERIOR;RAC_SP_INTERIOR
20298400;Eventual;Aberto;RTO7G95;MV1NDB64GLBR;G;H;Portal Agência;19/03/2023 16:53;JOÃO PESSOA AEROPORTO;27/03/2023 15:00;JOÃO PESSOA AEROPORTO;8.0;1.473,74;Upgrade;RAC_NORDESTE;RAC_NORDESTE
20299263;Eventual;Aberto;CHF9E47;MV2YNKW28RBR;B;D;Call Center;19/03/2023 20:40;SÃO PAULO - SHOPPING TUCURUVI;25/03/2023 20:00;SÃO PAULO - SHOPPING TUCURUVI;6.0;877,32;Upgrade;RAC_SP_CAPITAL;RAC_SP_CAPITAL
20299435;Eventual;Aberto;GKA6H12;MV1KJAYRDDBR;L;H;WebServices (XML);19/03/2023 21:12;CAMPINAS AEROPORTO;26/03/2023 20:30;CAMPINAS AEROPORTO;7.0;1.677,61;UpSell;RAC_SP_INTERIOR;RAC_SP_INTERIOR
20299683;Eventual;Aberto;QXS9D73;MV1KWMGGH6BR;H;HW;Mobile;20/03/2023 01:00;BRASILIA AEROPORTO;27/03/2023 15:00;BRASILIA AEROPORTO;8.0;2.972,48;Upgrade;RAC_CO;RAC_CO
20299920;Eventual;Aberto;RIZ6I46;MV1JLX3W1KBR;B;HX;Parcerias;20/03/2023 06:20;SÃO PAULO - CONGONHAS AEROPORTO;27/03/2023 06:20;SÃO PAULO - CONGONHAS AEROPORTO;7.0;680,75;Upgrade;RAC_SP_CAPITAL;RAC_SP_CAPITAL
20301203;Eventual;Aberto;RTO6B93;MV1NY93PCYBR;D;H;SABRE;20/03/2023 08:43;BAURU;25/03/2023 14:00;BAURU;5.0;706,88;Upgrade;RAC_SP_INTERIOR;RAC_SP_INTERIOR
20301962;Eventual;Aberto;RIZ6I49;MV1KWMG8E9BR;HW;HX;Portal Empresa;20/03/2023 09:42;BRASILIA AEROPORTO;27/03/2023 08:00;BRASILIA AEROPORTO;7.0;1.752,55;Upgrade;RAC_CO;RAC_CO
20302257;Eventual;Aberto;RTL9A71;MV1NKWRE6YBR;AX;H;Portal Empresa;20/03/2023 10:02;OSASCO;27/03/2023 12:00;OSASCO;7.0;553,03;Upgrade;RAC_SP_CAPITAL;RAC_SP_CAPITAL
20302466;Eventual;Aberto;GJP0G26;MV1K7V4HYOBR;HW;HX;WebServices (XML);20/03/2023 10:30;BELO HORIZONTE LOURDES BIAS FORTES;24/03/2023 13:00;BELO HORIZONTE LOURDES BIAS FORTES;4.0;919,60;Upgrade;RAC_MG;RAC_MG
20302898;Eventual;Aberto;RUD7A39;MV1MFXCSSYBR;L;MJ;Website Movida;20/03/2023 10:50;BELÉM AEROPORTO;27/03/2023 10:50;BELÉM AEROPORTO;7.0;3.063,12;Upgrade;RAC_NORTE;RAC_NORTE
20303969;Eventual;Aberto;RMD0E80;MV1O8RFR5TBR;FX;FY;Parcerias;20/03/2023 12:09;SÃO PAULO - SHOPPING CAMPO LIMPO;27/03/2023 15:09;SÃO PAULO - SHOPPING CAMPO LIMPO;7.0;917,36;Upgrade;RAC_SP_CAPITAL;RAC_SP_CAPITAL
20304024;Eventual;Aberto;EQN8C85;MV1MHTQ0BPBR;B;D;WebServices (XML);20/03/2023 12:25;NATAL AEROPORTO;27/03/2023 15:00;NATAL AEROPORTO;7.0;928,57;Upgrade;RAC_NORDESTE;RAC_NORDESTE
20304127;Eventual;Aberto;RKQ7H25;MV25I2GW30BR;F;G;Website Movida;20/03/2023 13:07;JOÃO PESSOA EPITÁCIO;27/03/2023 10:52;JOÃO PESSOA EPITÁCIO;7.0;1.105,91;Upgrade;RAC_NORDESTE;RAC_NORDESTE
20304135;Eventual;Aberto;GEJ4J72;MV2499B0LIBR;BS;H;SABRE;20/03/2023 12:30;"Filial ID
POA    PORTO ALEGRE AEROPORTO
POA    PORTO ALEGRE AEROPORTO
Name: Loja, dtype: object";27/03/2023 15:00;"Filial ID
POA    PORTO ALEGRE AEROPORTO
POA    PORTO ALEGRE AEROPORTO
Name: Loja, dtype: object";7.0;1.750,92;Upgrade;"Filial ID
POA    RAC_SUL_RS_SC
POA    RAC_SUL_RS_SC
Name: Região, dtype: object";"Filial ID
POA    RAC_SUL_RS_SC
POA    RAC_SUL_RS_SC
Name: Região, dtype: object"
20304209;Eventual;Aberto;EFU0I24;MV2WFIPUE8BR;F;HX;Parcerias;20/03/2023 12:40;NOVA IGUAÇU;27/03/2023 12:40;RIO DE JANEIRO - LEBLON;7.0;1.286,58;Upgrade;RAC_ES_RJ_INTERIOR;RAC_RJ_CAPITAL
20304564;Eventual;Aberto;RXP1H21;MV1MYYOKSCBR;HW;HY;WebServices (XML);20/03/2023 13:20;RIBEIRÃO PRETO CASTELO BRANCO;27/03/2023 14:00;SÃO PAULO - GUARULHOS AEROPORTO;7.0;1.909,01;Upgrade;RAC_MG;RAC_SP_ZL_ABC_VP
20304592;Eventual;Aberto;RUQ7I18;MV1KQWJO7HBR;FX;H;Website Movida;20/03/2023 13:14;RECIFE AEROPORTO;27/03/2023 14:00;MACEIÓ AEROPORTO;7.0;1.991,07;Upgrade;RAC_NORDESTE;RAC_BA_SE_AL
20304843;Eventual;Aberto;RTM2J59;MV1MJQL9MVBR;D;H;Call Center;20/03/2023 13:39;RESENDE;27/03/2023 16:00;RESENDE;7.0;1.401,59;Upgrade;RAC_ES_RJ_INTERIOR;RAC_ES_RJ_INTERIOR
20304922;Eventual;Aberto;GFS0J86;MV1MFXCW0WBR;AX;H;Website Movida;20/03/2023 14:00;BELÉM AEROPORTO;27/03/2023 14:00;BELÉM AEROPORTO;7.0;1.739,79;Upgrade;RAC_NORTE;RAC_NORTE
20305068;Eventual;Aberto;RUA7J50;MV1KFHPJE1BR;HX;KX;Loja - Walk in;20/03/2023 14:15;SÃO PAULO - BARRA FUNDA;27/03/2023 15:00;SÃO PAULO - BARRA FUNDA;7.0;6.401,20;UpSell;RAC_SP_CAPITAL;RAC_SP_CAPITAL
20305343;Eventual;Aberto;RUC3H38;MV1WED8F4PBR;FY;QX;Portal Agência;20/03/2023 14:35;SÃO PAULO - TATUAPÉ II;27/03/2023 14:00;SÃO PAULO - GUARULHOS AEROPORTO;7.0;1.515,39;Upgrade;RAC_SP_ZL_ABC_VP;RAC_SP_ZL_ABC_VP
20305348;Eventual;Aberto;RVY6B37;MV1Q5EPJF3BR;B;HY;Parcerias;20/03/2023 14:32;CAMPOS DOS GOYTACAZES;27/03/2023 14:00;CAMPOS DOS GOYTACAZES;7.0;1.963,23;Upgrade;RAC_ES_RJ_INTERIOR;RAC_ES_RJ_INTERIOR
20305390;Eventual;Aberto;GHB1D61;MV1JNTQYXIBR;HW;HY;Parcerias;20/03/2023 14:46;SÃO PAULO - GUARULHOS AEROPORTO;27/03/2023 15:00;CAMPINAS AEROPORTO;7.0;1.147,42;Upgrade;RAC_SP_ZL_ABC_VP;RAC_SP_INTERIOR
20305479;Eventual;Aberto;RTT6D12;MV1OGE0A50BR;BS;FX;Website Movida;20/03/2023 14:55;SANTOS AFFONSO PENNA;21/03/2023 16:00;SANTOS AFFONSO PENNA;1.0;180,00;Upgrade;RAC_SP_ZL_ABC_VP;RAC_SP_ZL_ABC_VP
20305877;Eventual;Aberto;RTX4D57;MV1NMTEAD7BR;H;HX;Call Center;20/03/2023 15:42;MOGI DAS CRUZES;27/03/2023 15:00;MOGI DAS CRUZES;7.0;1.508,26;Upgrade;RAC_SP_ZL_ABC_VP;RAC_SP_ZL_ABC_VP
20305958;Eventual;Aberto;EZP7A46;MV24KOLOY2BR;G;HX;Portal Agência;20/03/2023 16:10;VITÓRIA AEROPORTO;24/03/2023 15:00;VITÓRIA AEROPORTO;4.0;813,88;Upgrade;RAC_ES_RJ_INTERIOR;RAC_ES_RJ_INTERIOR
20306029;Eventual;Aberto;RTU2H85;MV1Q1LITDCBR;F;KX;Mobile;20/03/2023 15:56;NITERÓI;27/03/2023 17:00;NITERÓI;7.0;1.383,76;Upgrade;RAC_RJ_CAPITAL;RAC_RJ_CAPITAL
20306227;Eventual;Aberto;RFK4G24;MV1TO6C2N7BR;HY;T;Loja - Walk in;20/03/2023 16:35;SÃO PAULO - JUSCELINO KUBITSCHEK;27/03/2023 18:00;SÃO PAULO - JUSCELINO KUBITSCHEK;7.0;6.677,17;UpSell;RAC_SP_CAPITAL;RAC_SP_CAPITAL
20306333;Eventual;Aberto;RMM3I48;MV28FUXJA9BR;H;HW;Portal Agência;20/03/2023 16:32;RIO DE JANEIRO - BARRA DA TIJUCA EXTRA;27/03/2023 17:00;RIO DE JANEIRO - BARRA DA TIJUCA EXTRA;7.0;1.579,37;Upgrade;RAC_RJ_CAPITAL;RAC_RJ_CAPITAL
20306408;Eventual;Aberto;RTU2G72;MV1QOG75K5BR;C;D;Mobile;20/03/2023 16:40;SÃO CARLOS;27/03/2023 16:40;SÃO CARLOS;7.0;1.320,42;Upgrade;RAC_SP_INTERIOR;RAC_SP_INTERIOR
20306570;Eventual;Aberto;RKA7F74;MV1LGNTR17BR;G;HX;Portal Empresa;20/03/2023 17:05;GOIÂNIA AEROPORTO;27/03/2023 17:00;GOIÂNIA AEROPORTO;7.0;1.394,34;Upgrade;RAC_CO;RAC_CO
20307349;Eventual;Aberto;GGO8J03;MV2WUQT8EGBR;F;FX;Portal Empresa;20/03/2023 17:58;SÃO PAULO - CRUZEIRO DO SUL;27/03/2023 10:00;SÃO PAULO - CRUZEIRO DO SUL;7.0;1.078,24;Upgrade;RAC_SP_CAPITAL;RAC_SP_CAPITAL
20307845;Eventual;Aberto;RTM2H08;MV28C2OTSTBR;FX;H;Call Center;21/03/2023 10:00;SÃO PAULO - SHOPPING DeD - BROOKLIN;27/03/2023 10:00;SÃO PAULO - CONGONHAS AEROPORTO;6.0;1.542,96;Upgrade;RAC_SP_CAPITAL;RAC_SP_CAPITAL
20308219;Eventual;Aberto;SHB4B89;MV1MT9TK6XBR;HW;HX;Mobile;20/03/2023 20:07;MANAUS AEROPORTO;26/03/2023 20:07;MANAUS AEROPORTO;6.0;1.519,48;Upgrade;RAC_NORTE;RAC_NORTE
20308573;Eventual;Aberto;RTF4G60;MV1SSP32AHBR;F;FX;WebServices (XML);21/03/2023 00:35;"Filial ID
JDO    JUAZEIRO DO NORTE AEROPORTO
JDO    JUAZEIRO DO NORTE AEROPORTO
JDO    JUAZEIRO DO NORTE AEROPORTO
Name: Loja, dtype: object";26/03/2023 16:35;"Filial ID
JDO    JUAZEIRO DO NORTE AEROPORTO
JDO    JUAZEIRO DO NORTE AEROPORTO
JDO    JUAZEIRO DO NORTE AEROPORTO
Name: Loja, dtype: object";6.0;902,72;Upgrade;"Filial ID
JDO    RAC_NORDESTE
JDO             NaN
JDO    RAC_NORDESTE
Name: Região, dtype: object";"Filial ID
JDO    RAC_NORDESTE
JDO             NaN
JDO    RAC_NORDESTE
Name: Região, dtype: object"
20309058;Eventual;Aberto;RTV8I70;MV1KWMGX5TBR;HX;SS;Call Center;21/03/2023 08:00;BRASILIA AEROPORTO;27/03/2023 18:00;BRASILIA AEROPORTO;7.0;2.043,78;Upgrade;RAC_CO;RAC_CO
20309068;Eventual;Aberto;RNP3A36;MV1KQWJH74BR;FX;H;Mobile;21/03/2023 07:40;RECIFE AEROPORTO;27/03/2023 18:00;RECIFE AEROPORTO;7.0;2.023,74;Upgrade;RAC_NORDESTE;RAC_NORDESTE
20310450;Eventual;Aberto;RUG9J10;MV1OXIQQBUBR;H;HX;Loja - Walk in;21/03/2023 10:05;INDAIATUBA;25/03/2023 08:00;INDAIATUBA;4.0;1.930,75;Upgrade;RAC_SP_INTERIOR;RAC_SP_INTERIOR
20311040;Eventual;Aberto;RTY1B71;MV23A08LV5BR;H;HX;WebServices (XML);21/03/2023 11:10;UBERLÂNDIA AEROPORTO;27/03/2023 14:10;UBERLÂNDIA AEROPORTO;6.0;1.020,08;Upgrade;RAC_MG;RAC_MG
20311073;Eventual;Aberto;RUH8D41;MV1SHAA907BR;H;HX;Mobile;21/03/2023 11:14;CURITIBA AEROPORTO;27/03/2023 14:14;CURITIBA AEROPORTO;6.0;1.922,32;Upgrade;RAC_SUL_PR_SC;RAC_SUL_PR_SC
20311537;Eventual;Aberto;RTX9J90;MV1SN07EGFBR;SX;SY;Loja - Walk in;21/03/2023 12:03;MARABÁ AEROPORTO EXTERNO;26/03/2023 12:03;MARABÁ AEROPORTO EXTERNO;5.0;2.830,07;Upgrade;RAC_NORTE;RAC_NORTE
20311608;Eventual;Aberto;RTO6A21;MV1P81XKB3BR;FX;H;Portal Empresa;21/03/2023 12:13;SANTO ANDRÉ;22/03/2023 12:00;SANTO ANDRÉ;1.0;203,66;Upgrade;RAC_SP_ZL_ABC_VP;RAC_SP_ZL_ABC_VP
20311737;Eventual;Aberto;GHQ6J14;MV2499RI5VBR;F;FX;Mobile;21/03/2023 12:40;"Filial ID
POA    PORTO ALEGRE AEROPORTO
POA    PORTO ALEGRE AEROPORTO
Name: Loja, dtype: object";27/03/2023 16:30;"Filial ID
POA    PORTO ALEGRE AEROPORTO
POA    PORTO ALEGRE AEROPORTO
Name: Loja, dtype: object";6.0;1.360,24;Upgrade;"Filial ID
POA    RAC_SUL_RS_SC
POA    RAC_SUL_RS_SC
Name: Região, dtype: object";"Filial ID
POA    RAC_SUL_RS_SC
POA    RAC_SUL_RS_SC
Name: Região, dtype: object"
20311751;Eventual;Aberto;RTH5F28;MV1KQWGQ72BR;FX;H;WebServices (XML);21/03/2023 12:30;RECIFE AEROPORTO;27/03/2023 14:00;RECIFE AEROPORTO;6.0;1.239,64;Upgrade;RAC_NORDESTE;RAC_NORDESTE
20312735;Eventual;Aberto;GIB9D27;MV23A0AFW0BR;BS;QX;Portal Empresa;21/03/2023 15:03;UBERLÂNDIA AEROPORTO;23/03/2023 18:00;UBERLÂNDIA AEROPORTO;2.0;628,05;UpSell;RAC_MG;RAC_MG
20312956;Eventual;Aberto;RUH1D70;MV1UFTABN0BR;HX;HX;Call Center;21/03/2023 15:40;BELO HORIZONTE PAMPULHA ANTONIO CARLOS;27/03/2023 15:30;BELO HORIZONTE AEROPORTO CONFINS;6.0;1.602,38;UpSell;RAC_MG;RAC_MG
20313033;Eventual;Aberto;RUQ7F06;MV1MFXD75HBR;D;H;Mobile;21/03/2023 15:45;BELÉM AEROPORTO;27/03/2023 15:45;BELÉM AEROPORTO;6.0;1.065,71;Upgrade;RAC_NORTE;RAC_NORTE
20313228;Eventual;Aberto;EAT7J25;MV2CINVWQYBR;BX;D;Portal Agência;21/03/2023 16:15;BELO HORIZONTE - PRADO - TERESA CRISTINA;27/03/2023 18:00;BELO HORIZONTE - PRADO - TERESA CRISTINA;6.0;1.752,24;UpSell;RAC_MG;RAC_MG
20313240;Eventual;Aberto;GIE1C75;MV1MT9TOMGBR;D;H;WebServices (XML);21/03/2023 15:20;MANAUS AEROPORTO;27/03/2023 15:20;MANAUS AEROPORTO;6.0;1.149,72;Upgrade;RAC_NORTE;RAC_NORTE
20313288;Eventual;Aberto;RTL4G48;MV1LGNTTFRBR;C;D;Call Center;21/03/2023 16:15;GOIÂNIA AEROPORTO;27/03/2023 16:00;GOIÂNIA AEROPORTO;6.0;904,98;Upgrade;RAC_CO;RAC_CO
20313850;Eventual;Aberto;RKU6J31;MV1RE7I5GBBR;F;G;Mobile;21/03/2023 17:35;CONTAGEM;27/03/2023 16:00;CONTAGEM;6.0;1.334,39;Upgrade;RAC_MG;RAC_MG
20314420;Eventual;Aberto;RUE1C55;MV27XQ8LP6BR;H;QX;Loja - Walk in;21/03/2023 18:48;SÃO PAULO - AVENIDA ARICANDUVA;27/03/2023 18:48;SÃO PAULO - AVENIDA ARICANDUVA;6.0;2.348,26;UpSell;RAC_SP_ZL_ABC_VP;RAC_SP_ZL_ABC_VP
20314733;Eventual;Aberto;RJQ7D39;MV258J9VMDBR;H;HX;Portal Empresa;21/03/2023 18:45;CUIABA CENTRO;27/03/2023 19:00;CUIABA CENTRO;6.0;1.459,40;Upgrade;RAC_CO;RAC_CO
20314982;Eventual;Aberto;RUC9G05;MV1UJM7M1FBR;HW;QX;WebServices (XML);22/03/2023 17:07;CAMPO GRANDE CENTRO;27/03/2023 17:00;CAMPO GRANDE CENTRO;5.0;888,38;Upgrade;RAC_CO;RAC_CO
20315117;Eventual;Aberto;RTO7E91;MV1OCKQ1PUBR;F;H;WebServices (XML);21/03/2023 22:00;RIBEIRÃO PRETO AEROPORTO;27/03/2023 21:00;RIBEIRÃO PRETO AEROPORTO;6.0;1.037,79;Upgrade;RAC_MG;RAC_MG
20315374;Eventual;Aberto;GJD0F34;MV1JVGCCDABR;FX;H;WebServices (XML);22/03/2023 01:20;RIO DE JANEIRO - GALEÃO AEROPORTO;27/03/2023 20:20;RIO DE JANEIRO - GALEÃO AEROPORTO;6.0;798,93;Upgrade;RAC_ES_RJ_INTERIOR;RAC_ES_RJ_INTERIOR
20315447;Eventual;Aberto;GCX6C31;MV1KST73DNBR;BX;HX;Mobile;22/03/2023 02:56;CAMPO GRANDE AEROPORTO;27/03/2023 02:56;CAMPO GRANDE AEROPORTO;5.0;792,40;Upgrade;RAC_CO;RAC_CO
20316213;Eventual;Aberto;RUR5A95;MV2D4LX2CUBR;H;HW;Portal Agência;22/03/2023 08:30;SOROCABA SHOPPING PATIO CIANE;27/03/2023 09:00;SOROCABA SHOPPING PATIO CIANE;5.0;856,35;Upgrade;RAC_SP_INTERIOR;RAC_SP_INTERIOR
20316613;Eventual;Aberto;RTO7G91;MV1K5YJ915BR;D;H;Call Center;22/03/2023 09:20;RIO DE JANEIRO-SANTOS DUMONT AERO/MARINA GLORIA;27/03/2023 09:20;DUQUE DE CAXIAS;5.0;1.562,51;Upgrade;RAC_RJ_CAPITAL;RAC_ES_RJ_INTERIOR
20316649;Eventual;Aberto;RUQ7G02;MV1QQCT7E5BR;FX;H;Portal Empresa;22/03/2023 09:15;POUSO ALEGRE;27/03/2023 08:00;POUSO ALEGRE;5.0;834,28;Upgrade;RAC_MG;RAC_MG
20317184;Eventual;Aberto;RNO8J24;MV1KST6UETBR;BX;D;Parcerias;22/03/2023 09:30;CAMPO GRANDE AEROPORTO;27/03/2023 12:30;CAMPO GRANDE AEROPORTO;5.0;1.097,09;Upgrade;RAC_CO;RAC_CO
20317199;Eventual;Aberto;RXP5C41;MV1JLX47MHBR;HX;HY;Portal Agência;22/03/2023 10:15;SÃO PAULO - CONGONHAS AEROPORTO;27/03/2023 13:00;SÃO PAULO - CONGONHAS AEROPORTO;5.0;1.278,19;Upgrade;RAC_SP_CAPITAL;RAC_SP_CAPITAL
20317430;Eventual;Aberto;RJC7A85;MV1TVRVUIWBR;F;G;Mobile;22/03/2023 10:45;BELO HORIZONTE BARÃO HOMEM DE MELO;27/03/2023 18:00;BELO HORIZONTE BARÃO HOMEM DE MELO;6.0;1.212,94;Upgrade;RAC_MG;RAC_MG
20317585;Eventual;Aberto;RJD7D91;MV25I2HHDBBR;D;HX;Parcerias;22/03/2023 11:00;JOÃO PESSOA EPITÁCIO;27/03/2023 11:00;JOÃO PESSOA EPITÁCIO;5.0;1.303,22;Upgrade;RAC_NORDESTE;RAC_NORDESTE
20317845;Eventual;Aberto;RTX4E64;MV1JI4TVWEBR;D;H;Parcerias;22/03/2023 11:35;SALVADOR AEROPORTO;27/03/2023 14:35;SALVADOR AEROPORTO;5.0;813,79;Upgrade;RAC_BA_SE_AL;RAC_BA_SE_AL
20318186;Eventual;Aberto;RTO0H27;MV23T1O2EVBR;FX;H;Portal Empresa;22/03/2023 12:12;RECIFE CAXANGÁ;26/03/2023 10:00;RECIFE CAXANGÁ;4.0;580,00;Upgrade;RAC_NORDESTE;RAC_NORDESTE
20318237;Eventual;Aberto;RFY1D40;MV1MHTYX9TBR;FX;FY;Call Center;22/03/2023 12:20;NATAL AEROPORTO;27/03/2023 15:00;NATAL AEROPORTO;5.0;968,31;Upgrade;RAC_NORDESTE;RAC_NORDESTE
20318420;Eventual;Aberto;SHB7E37;MV1Q3I6NMIBR;D;HX;Mobile;22/03/2023 12:42;COTIA GRANJA VIANNA SHOPPING;27/03/2023 15:40;COTIA GRANJA VIANNA SHOPPING;5.0;1.792,34;Upgrade;RAC_SP_INTERIOR;RAC_SP_INTERIOR
20318891;Eventual;Aberto;EWC4J92;MV28FV02WDBR;F;HX;Portal Agência;22/03/2023 13:55;RIO DE JANEIRO - BARRA DA TIJUCA EXTRA;27/03/2023 13:55;RIO DE JANEIRO - BARRA DA TIJUCA EXTRA;5.0;1.230,73;UpSell;RAC_RJ_CAPITAL;RAC_RJ_CAPITAL
20318977;Eventual;Aberto;RMT7C78;MV1JRN20YLBR;D;FX;Website Movida;23/03/2023 08:09;SÃO BERNARDO DO CAMPO - ASSAI ANCHIETA;27/03/2023 17:00;SÃO BERNARDO DO CAMPO - ASSAI ANCHIETA;5.0;1.259,78;Upgrade;RAC_SP_ZL_ABC_VP;RAC_SP_ZL_ABC_VP
20318984;Eventual;Aberto;RTM1D19;MV1Q1LJEOKBR;F;FX;Loja - Walk in;22/03/2023 14:20;NITERÓI;23/03/2023 14:20;NITERÓI;1.0;251,14;UpSell;RAC_RJ_CAPITAL;RAC_RJ_CAPITAL
20319075;Eventual;Aberto;RIZ6F99;MV1PR3CA27BR;FX;HX;WebServices (XML);22/03/2023 14:20;BETIM;27/03/2023 17:00;BETIM;5.0;977,87;Upgrade;RAC_MG;RAC_MG
20319145;Eventual;Aberto;RTO0H93;MV1KQWGYW0BR;D;H;Website Movida;22/03/2023 14:31;RECIFE AEROPORTO;27/03/2023 14:30;RECIFE AEROPORTO;5.0;944,16;Upgrade;RAC_NORDESTE;RAC_NORDESTE
20319221;Eventual;Aberto;RUA1D49;MV1YXUBO7ABR;HW;HX;Call Center;22/03/2023 14:45;SÃO JOSÉ DO RIO PRETO AEROPORTO;27/03/2023 17:45;SÃO JOSÉ DO RIO PRETO AEROPORTO;5.0;1.957,53;Upgrade;RAC_SP_INTERIOR;RAC_SP_INTERIOR
20319388;Eventual;Aberto;RTX4C44;MV2XQ8386KBR;BX;HX;Call Center;22/03/2023 15:09;GOIÂNIA T63;27/03/2023 16:10;GOIÂNIA T63;5.0;1.254,34;Upgrade;RAC_CO;RAC_CO
20319654;Eventual;Aberto;RUF1F93;MV25AFX4QHBR;H;HW;Parcerias;22/03/2023 15:55;SÃO CAETANO DO SUL;27/03/2023 18:55;SÃO CAETANO DO SUL;5.0;933,63;UpSell;;
20319691;Eventual;Aberto;SDU3E86;MV1K5YIRLQBR;QX;KE;Mobile;22/03/2023 16:00;RIO DE JANEIRO-SANTOS DUMONT AERO/MARINA GLORIA;24/03/2023 16:00;RIO DE JANEIRO-SANTOS DUMONT AERO/MARINA GLORIA;2.0;799,46;Upgrade;RAC_RJ_CAPITAL;RAC_RJ_CAPITAL
20319820;Eventual;Aberto;EXD9F96;MV1JLWWJ4DBR;FY;HX;Call Center;23/03/2023 09:00;SÃO PAULO - CONGONHAS AEROPORTO;27/03/2023 12:00;SÃO PAULO - CONGONHAS AEROPORTO;4.0;1.150,73;Upgrade;RAC_SP_CAPITAL;RAC_SP_CAPITAL
20319980;Eventual;Aberto;RTX4D71;MV1SBK9G57BR;AX;HX;WebServices (XML);22/03/2023 16:45;FLORIANÓPOLIS AEROPORTO;27/03/2023 19:45;FLORIANÓPOLIS AEROPORTO;5.0;1.331,76;Upgrade;RAC_SUL_RS_SC;RAC_SUL_RS_SC
20320176;Eventual;Aberto;RUR4J71;MV1JI4V119BR;H;HW;Call Center;22/03/2023 17:05;SALVADOR AEROPORTO;27/03/2023 16:30;SALVADOR AEROPORTO;5.0;1.352,52;Upgrade;RAC_BA_SE_AL;RAC_BA_SE_AL
20320212;Eventual;Aberto;GBJ3C35;MV1JLX5SLGBR;BS;H;Portal Empresa;22/03/2023 17:15;SÃO PAULO - CONGONHAS AEROPORTO;27/03/2023 18:00;SÃO PAULO - NAÇÕES UNIDAS;5.0;885,00;Upgrade;RAC_SP_CAPITAL;RAC_SP_CAPITAL
20320214;Eventual;Aberto;RJQ7E35;MV28C2PFB1BR;HW;HX;Portal Empresa;22/03/2023 17:06;SÃO PAULO - SHOPPING DeD - BROOKLIN;27/03/2023 17:06;SÃO PAULO - SHOPPING DeD - BROOKLIN;5.0;1.183,84;Upgrade;RAC_SP_CAPITAL;RAC_SP_CAPITAL
20320357;Eventual;Aberto;RUG9I61;MV1S226MV8BR;FX;HX;Website Movida;22/03/2023 17:30;JOINVILLE AEROPORTO;27/03/2023 18:00;JOINVILLE AEROPORTO;5.0;1.434,94;UpSell;RAC_SUL_PR_SC;RAC_SUL_PR_SC
20320494;Eventual;Aberto;RTU2H45;MV1S05JH1EBR;BX;D;Loja - Walk in;22/03/2023 18:00;NAVEGANTES AEROPORTO;27/03/2023 18:00;NAVEGANTES AEROPORTO;5.0;1.214,05;Upgrade;RAC_SUL_PR_SC;RAC_SUL_PR_SC
20320867;Eventual;Aberto;RFH4J25;MV1JI4UFW7BR;D;FX;Call Center;22/03/2023 18:39;SALVADOR AEROPORTO;27/03/2023 18:00;SALVADOR AEROPORTO;5.0;785,23;Upgrade;RAC_BA_SE_AL;RAC_BA_SE_AL
20321285;Eventual;Aberto;ECU0H47;MV1S226S2SBR;FX;HX;Mobile;22/03/2023 20:12;JOINVILLE AEROPORTO;27/03/2023 20:00;JOINVILLE AEROPORTO;5.0;1.653,62;Upgrade;RAC_SUL_PR_SC;RAC_SUL_PR_SC
20321422;Eventual;Aberto;SHB7D91;MV1QB4Q887BR;BX;HX;Mobile;22/03/2023 19:58;BOA VISTA AEROPORTO;27/03/2023 20:30;MANAUS CENTRO;5.0;2.338,83;Upgrade;RAC_NORTE;RAC_NORTE
20321468;Eventual;Aberto;RNV0J17;MV2499S503BR;G;H;Mobile;22/03/2023 21:22;"Filial ID
POA    PORTO ALEGRE AEROPORTO
POA    PORTO ALEGRE AEROPORTO
Name: Loja, dtype: object";26/03/2023 23:30;"Filial ID
POA    PORTO ALEGRE AEROPORTO
POA    PORTO ALEGRE AEROPORTO
Name: Loja, dtype: object";4.0;828,13;Upgrade;"Filial ID
POA    RAC_SUL_RS_SC
POA    RAC_SUL_RS_SC
Name: Região, dtype: object";"Filial ID
POA    RAC_SUL_RS_SC
POA    RAC_SUL_RS_SC
Name: Região, dtype: object"
20321772;Eventual;Aberto;GIK6J56;MV1JNTK528BR;H;HX;WebServices (XML);23/03/2023 00:38;SÃO PAULO - GUARULHOS AEROPORTO;23/03/2023 17:49;COTIA GRANJA VIANNA SHOPPING;1.0;535,35;Upgrade;RAC_SP_ZL_ABC_VP;RAC_SP_INTERIOR
20321852;Eventual;Aberto;ECM0D32;MV1MHU1262BR;D;HX;WebServices (XML);23/03/2023 02:30;NATAL AEROPORTO;26/03/2023 14:00;NATAL AEROPORTO;4.0;1.090,95;Upgrade;RAC_NORDESTE;RAC_NORDESTE
20321931;Eventual;Aberto;RTL4F53;MV1KJAWQN7BR;C;H;WebServices (XML);23/03/2023 05:40;CAMPINAS AEROPORTO;27/03/2023 22:00;CAMPINAS AEROPORTO;5.0;949,50;Upgrade;RAC_SP_INTERIOR;RAC_SP_INTERIOR
20322119;Eventual;Aberto;RTW3H11;MV1KWMHLMPBR;BX;FX;Website Movida;23/03/2023 07:25;BRASILIA AEROPORTO;27/03/2023 08:30;BRASILIA AEROPORTO;4.0;743,98;Upgrade;RAC_CO;RAC_CO
20322566;Eventual;Aberto;GJQ8J27;MV1P81TMFDBR;FX;H;Mobile;23/03/2023 08:50;SANTO ANDRÉ;27/03/2023 07:00;SANTO ANDRÉ;4.0;840,45;Upgrade;RAC_SP_ZL_ABC_VP;RAC_SP_ZL_ABC_VP
20322924;Eventual;Aberto;RTX0J68;MV1JLWOFIWBR;HW;HX;Mobile;24/03/2023 19:33;SÃO PAULO - CONGONHAS AEROPORTO;26/03/2023 20:00;SÃO PAULO - CONGONHAS AEROPORTO;2.0;402,24;Upgrade;RAC_SP_CAPITAL;RAC_SP_CAPITAL
20323250;Eventual;Aberto;EOB3D45;MV1UJMJJXJBR;F;FX;Website Movida;23/03/2023 09:00;CAMPO GRANDE CENTRO;27/03/2023 13:00;CAMPO GRANDE CENTRO;4.0;1.276,80;Upgrade;RAC_CO;RAC_CO
20323594;Eventual;Aberto;RTL4I90;MV1KQWC86ABR;B;H;Website Movida;23/03/2023 10:25;RECIFE AEROPORTO;27/03/2023 11:00;RECIFE AEROPORTO;4.0;823,42;Upgrade;RAC_NORDESTE;RAC_NORDESTE
20323615;Eventual;Aberto;RKU7B49;MV1OCKP8AOBR;G;HX;WebServices (XML);23/03/2023 10:30;RIBEIRÃO PRETO AEROPORTO;27/03/2023 17:00;RIBEIRÃO PRETO AEROPORTO;4.0;1.296,65;Upgrade;RAC_MG;RAC_MG
20323996;Eventual;Aberto;RKA7H72;MV1JVG66T9BR;H;HX;WebServices (XML);23/03/2023 11:10;RIO DE JANEIRO - GALEÃO AEROPORTO;27/03/2023 16:00;RIO DE JANEIRO - GALEÃO AEROPORTO;4.0;830,73;Upgrade;RAC_ES_RJ_INTERIOR;RAC_ES_RJ_INTERIOR
20324123;Eventual;Aberto;GJQ2G33;MV1KWMDXN0BR;H;HX;Website Movida;23/03/2023 11:20;BRASILIA AEROPORTO;27/03/2023 11:20;BRASILIA AEROPORTO;4.0;1.331,50;Upgrade;RAC_CO;RAC_CO
20324164;Eventual;Aberto;RTO1C91;MV1KHEDKYSBR;D;H;Call Center;23/03/2023 11:25;BARUERI ALPHAVILLE - RIO NEGRO;24/03/2023 12:00;BARUERI ALPHAVILLE - TAMBORE;1.0;118,00;Upgrade;RAC_SP_INTERIOR;RAC_SP_INTERIOR
20324467;Eventual;Aberto;RFV3C24;MV1Q3I6YL3BR;FX;HW;Parcerias;23/03/2023 12:05;COTIA GRANJA VIANNA SHOPPING;27/03/2023 11:30;COTIA GRANJA VIANNA SHOPPING;4.0;1.510,82;Upgrade;RAC_SP_INTERIOR;RAC_SP_INTERIOR
20324513;Eventual;Aberto;GFV9C35;MV1MHU13HRBR;G;H;Mobile;23/03/2023 12:10;NATAL AEROPORTO;26/03/2023 15:10;NATAL AEROPORTO;3.0;717,80;Upgrade;RAC_NORDESTE;RAC_NORDESTE
20324531;Eventual;Aberto;FGW1A45;MV1SBKC0WLBR;B;D;WebServices (XML);23/03/2023 12:10;FLORIANÓPOLIS AEROPORTO;27/03/2023 18:00;FLORIANÓPOLIS AEROPORTO;4.0;783,50;Upgrade;RAC_SUL_RS_SC;RAC_SUL_RS_SC
20324614;Eventual;Aberto;RUQ7F25;MV1KUPKOOABR;D;H;WebServices (XML);23/03/2023 12:30;SÃO LUÍS AEROPORTO;27/03/2023 16:00;SÃO LUÍS AEROPORTO;4.0;536,52;Upgrade;RAC_NORTE;RAC_NORTE
20324833;Eventual;Aberto;RUC5F19;MV1QGTLAHNBR;AX;QX;Parcerias;23/03/2023 12:34;PRESIDENTE PRUDENTE;27/03/2023 11:30;PRESIDENTE PRUDENTE;4.0;441,24;Upgrade;RAC_SP_INTERIOR;RAC_SP_INTERIOR
20324872;Eventual;Aberto;RTF0I65;MV1TVRW9AGBR;HW;HX;Mobile;23/03/2023 12:41;BELO HORIZONTE BARÃO HOMEM DE MELO;27/03/2023 15:40;BELO HORIZONTE BARÃO HOMEM DE MELO;4.0;1.149,79;Upgrade;RAC_MG;RAC_MG
20324911;Eventual;Aberto;RUH7I12;MV1Q983YFDBR;C;D;WebServices (XML);23/03/2023 12:44;RIO VERDE;27/03/2023 12:30;RIO VERDE;4.0;735,31;Upgrade;RAC_CO;RAC_CO
20325002;Eventual;Aberto;GGZ8F75;MV1MYYQL2WBR;BS;D;Portal Agência;23/03/2023 13:05;RIBEIRÃO PRETO CASTELO BRANCO;27/03/2023 14:00;RIBEIRÃO PRETO CASTELO BRANCO;4.0;840,90;Upgrade;RAC_MG;RAC_MG
20325151;Eventual;Aberto;RJG7G81;MV1OCKPRYDBR;F;G;WebServices (XML);23/03/2023 13:30;RIBEIRÃO PRETO AEROPORTO;27/03/2023 12:00;RIBEIRÃO PRETO AEROPORTO;4.0;697,31;Upgrade;RAC_MG;RAC_MG
20325379;Eventual;Aberto;RKV7H75;MV217N0W9WBR;H;HX;WebServices (XML);23/03/2023 13:35;PORTO SEGURO AEROPORTO;27/03/2023 13:00;PORTO SEGURO AEROPORTO;4.0;983,77;Upgrade;RAC_BA_SE_AL;RAC_BA_SE_AL
20325560;Eventual;Aberto;GJS5E37;MV24KOMMTDBR;FX;HX;WebServices (XML);23/03/2023 14:10;VITÓRIA AEROPORTO;27/03/2023 20:00;VITÓRIA AEROPORTO;4.0;983,20;Upgrade;RAC_ES_RJ_INTERIOR;RAC_ES_RJ_INTERIOR
20325621;Eventual;Aberto;RUG9J55;MV2XS4PODABR;FX;HX;Portal Agência;23/03/2023 14:15;IPATINGA - SHOPPING VALE DO AÇO;27/03/2023 13:30;IPATINGA - SHOPPING VALE DO AÇO;4.0;662,17;Upgrade;RAC_MG;RAC_MG
20325773;Eventual;Aberto;RUZ1G43;MV1TCQIP1MBR;HW;SS;Call Center;23/03/2023 14:45;FORTALEZA CENTRO;27/03/2023 14:00;FORTALEZA CENTRO;4.0;1.292,09;Upgrade;RAC_NORDESTE;RAC_NORDESTE
20326027;Eventual;Aberto;RTN0J20;MV1JLX61HQBR;D;H;Mobile;23/03/2023 15:20;SÃO PAULO - CONGONHAS AEROPORTO;27/03/2023 18:00;SÃO PAULO - GUARULHOS AEROPORTO;4.0;846,64;Upgrade;RAC_SP_CAPITAL;RAC_SP_ZL_ABC_VP
20326139;Eventual;Aberto;RTM2J72;MV1Q1LH0NCBR;FY;H;WebServices (XML);23/03/2023 15:31;NITERÓI;27/03/2023 15:00;NITERÓI;4.0;754,03;Upgrade;RAC_RJ_CAPITAL;RAC_RJ_CAPITAL
20326596;Eventual;Aberto;RTW2E80;MV1JNTPIBIBR;HW;HX;Portal Agência;23/03/2023 16:41;SÃO PAULO - GUARULHOS AEROPORTO;27/03/2023 16:00;SÃO PAULO - GUARULHOS AEROPORTO;4.0;804,38;Upgrade;RAC_SP_ZL_ABC_VP;RAC_SP_ZL_ABC_VP
20326832;Eventual;Aberto;ECS0A96;MV1JTJ86COBR;D;HX;WebServices (XML);23/03/2023 17:20;BELO HORIZONTE AEROPORTO CONFINS;27/03/2023 17:20;BELO HORIZONTE AEROPORTO CONFINS;4.0;845,08;UpSell;RAC_MG;RAC_MG
20327133;Eventual;Aberto;RUI7D79;MV1KQWIAD7BR;HW;SY;WebServices (XML);23/03/2023 18:04;RECIFE AEROPORTO;27/03/2023 13:00;RECIFE AEROPORTO;4.0;1.940,94;UpSell;RAC_NORDESTE;RAC_NORDESTE
20327161;Eventual;Aberto;RTM2J66;MV1TRYMAQBBR;BS;H;WebServices (XML);23/03/2023 17:59;PIRACICABA;27/03/2023 10:00;PIRACICABA;4.0;1.040,78;Upgrade;RAC_SP_INTERIOR;RAC_SP_INTERIOR
20327304;Eventual;Aberto;RTO8G15;MV1Q1LA17YBR;D;H;Parcerias;23/03/2023 18:25;NITERÓI;27/03/2023 18:00;NITERÓI;4.0;857,25;UpSell;RAC_RJ_CAPITAL;RAC_RJ_CAPITAL
20327399;Eventual;Aberto;FHE9B26;MV1KWME7L2BR;BX;D;Parcerias;23/03/2023 18:35;BRASILIA AEROPORTO;27/03/2023 20:00;BRASILIA AEROPORTO;4.0;528,87;Upgrade;RAC_CO;RAC_CO
20327410;Eventual;Aberto;RVT4A22;MV1KWMHR2YBR;QX;HW;Call Center;23/03/2023 18:36;BRASILIA AEROPORTO;24/03/2023 18:00;BRASILIA AEROPORTO;1.0;296,80;UpSell;RAC_CO;RAC_CO
20327551;Eventual;Aberto;RXP7B02;MV1JNTSH86BR;FX;QX;Portal Agência;23/03/2023 18:57;SÃO PAULO - GUARULHOS AEROPORTO;24/03/2023 19:00;NAVEGANTES AEROPORTO;1.0;207,96;Upgrade;RAC_SP_ZL_ABC_VP;RAC_SUL_PR_SC
20327654;Eventual;Aberto;RJT7G27;MV1P48NSUABR;FY;HX;Parcerias;25/03/2023 11:46;JUNDIAÍ;27/03/2023 12:00;JUNDIAÍ;2.0;767,83;Upgrade;RAC_SP_INTERIOR;RAC_SP_INTERIOR
20327780;Eventual;Aberto;RKT7D81;MV28C2OV4TBR;HW;HX;Mobile;24/03/2023 17:17;SÃO PAULO - SHOPPING DeD - BROOKLIN;27/03/2023 17:30;SÃO PAULO - SHOPPING CAMPO LIMPO;3.0;930,81;Upgrade;RAC_SP_CAPITAL;RAC_SP_CAPITAL
20327927;Eventual;Aberto;GDQ7H17;MV2D4LXJQ6BR;H;HX;Mobile;24/03/2023 10:36;SOROCABA SHOPPING PATIO CIANE;27/03/2023 12:00;SOROCABA SHOPPING PATIO CIANE;3.0;789,15;Upgrade;RAC_SP_INTERIOR;RAC_SP_INTERIOR
20327989;Eventual;Aberto;RXP5D61;MV1TO6D1UOBR;D;HY;Portal Empresa;25/02/2023 13:40;SÃO PAULO - JUSCELINO KUBITSCHEK;23/03/2023 13:40;SÃO PAULO - JUSCELINO KUBITSCHEK;26.0;3.068,08;Upgrade;RAC_SP_CAPITAL;RAC_SP_CAPITAL
20328022;Eventual;Aberto;RTO6C07;MV1SQS9TU5BR;FX;H;Mobile;23/03/2023 20:50;SÃO PAULO - RODOVIÁRIA TIETÊ;26/03/2023 22:00;SÃO PAULO - RODOVIÁRIA TIETÊ;3.0;647,54;Upgrade;RAC_SP_CAPITAL;RAC_SP_CAPITAL
20328102;Eventual;Aberto;RMW5A33;MV1JI4VI27BR;H;HX;Call Center;23/03/2023 21:10;SALVADOR AEROPORTO;27/03/2023 23:00;SALVADOR AEROPORTO;4.0;1.773,73;UpSell;RAC_BA_SE_AL;RAC_BA_SE_AL
20328219;Eventual;Aberto;CUN4H35;MV1MFXE1T4BR;D;FX;Mobile;23/03/2023 21:47;BELÉM AEROPORTO;27/03/2023 23:00;BELÉM AEROPORTO;4.0;639,11;Upgrade;RAC_NORTE;RAC_NORTE
20328398;Eventual;Aberto;RNO8I21;MV1JTJP6XVBR;F;FX;Portal Agência;23/03/2023 23:30;BELO HORIZONTE AEROPORTO CONFINS;27/03/2023 18:00;BELO HORIZONTE AEROPORTO CONFINS;4.0;736,81;Upgrade;RAC_MG;RAC_MG
20328435;Eventual;Aberto;RUQ7I17;MV1V9DV9IYBR;F;H;Mobile;24/03/2023 00:30;MACAPA AEROPORTO;27/03/2023 12:00;MACAPA AEROPORTO;4.0;692,16;Upgrade;RAC_NORTE;RAC_NORTE
20328481;Eventual;Aberto;RTF8A84;MV1KQWABUGBR;FY;H;WebServices (XML);24/03/2023 00:36;RECIFE AEROPORTO;27/03/2023 20:30;RECIFE AEROPORTO;4.0;993,92;Upgrade;RAC_NORDESTE;RAC_NORDESTE
20328509;Eventual;Aberto;RMI2D94;MV1JVGD3E0BR;FX;FY;Parcerias;24/03/2023 01:03;RIO DE JANEIRO - GALEÃO AEROPORTO;27/03/2023 20:00;RIO DE JANEIRO - GALEÃO AEROPORTO;4.0;733,33;Upgrade;RAC_ES_RJ_INTERIOR;RAC_ES_RJ_INTERIOR
20328550;Eventual;Aberto;RUL3A48;MV1MHTW23SBR;F;HW;WebServices (XML);24/03/2023 01:38;NATAL AEROPORTO;27/03/2023 15:30;NATAL AEROPORTO;4.0;953,61;Upgrade;RAC_NORDESTE;RAC_NORDESTE
20328654;Eventual;Aberto;GJQ2J04;MV1MFXE2LBBR;D;H;Mobile;24/03/2023 06:05;BELÉM AEROPORTO;27/03/2023 06:05;BELÉM AEROPORTO;3.0;543,32;Upgrade;RAC_NORTE;RAC_NORTE
20328751;Eventual;Aberto;RTO9I50;MV1JNTSND4BR;F;H;Loja - Walk in;24/03/2023 07:30;SÃO PAULO - GUARULHOS AEROPORTO;27/03/2023 10:30;SÃO PAULO - GUARULHOS AEROPORTO;3.0;746,39;UpSell;RAC_SP_ZL_ABC_VP;RAC_SP_ZL_ABC_VP
20328830;Eventual;Aberto;RTY1B64;MV2XCVLV4LBR;H;HX;Mobile;24/03/2023 14:10;SÃO PAULO - SÃO MIGUEL;27/03/2023 15:00;SÃO PAULO - AVENIDA ARICANDUVA;3.0;562,07;Upgrade;RAC_SP_ZL_ABC_VP;RAC_SP_ZL_ABC_VP
20329344;Eventual;Aberto;RJE7F72;MV1SWIEYB0BR;H;HX;Website Movida;24/03/2023 08:13;ANÁPOLIS;27/03/2023 08:30;ANÁPOLIS;3.0;834,93;UpSell;RAC_CO;RAC_CO
20329373;Eventual;Aberto;RTL5A17;MV1K09MTRHBR;D;H;Mobile;24/03/2023 16:55;FORTALEZA AEROPORTO;27/03/2023 17:00;FORTALEZA AEROPORTO;3.0;699,62;Upgrade;RAC_NORDESTE;RAC_NORDESTE
20329713;Eventual;Aberto;RTG4J10;MV2XQ83M1MBR;L;LX;Portal Empresa;24/03/2023 08:56;GOIÂNIA T63;25/03/2023 10:00;GOIÂNIA T63;1.0;374,91;UpSell;RAC_CO;RAC_CO
20329733;Eventual;Aberto;RTZ4B54;MV1QQCUNTVBR;HX;QX;Mobile;24/03/2023 11:26;POUSO ALEGRE;27/03/2023 14:14;POUSO ALEGRE;3.0;1.259,83;Upgrade;RAC_MG;RAC_MG
20329734;Eventual;Aberto;RUG2F68;MV1KQWKW0HBR;M;L;Portal Empresa;24/03/2023 09:05;RECIFE AEROPORTO;27/03/2023 10:00;RECIFE AEROPORTO;3.0;504,00;Upgrade;RAC_NORDESTE;RAC_NORDESTE
20330109;Eventual;Aberto;RUQ7F16;MV1V9DVOTBBR;D;H;Mobile;24/03/2023 09:59;MACAPA AEROPORTO;27/03/2023 11:00;MACAPA AEROPORTO;3.0;501,38;Upgrade;RAC_NORTE;RAC_NORTE
20330163;Eventual;Aberto;RUH1D45;MV1KHEDTVOBR;B;HX;Parcerias;24/03/2023 09:38;BARUERI ALPHAVILLE - RIO NEGRO;27/03/2023 12:30;BARUERI ALPHAVILLE - RIO NEGRO;3.0;841,18;Upgrade;RAC_SP_INTERIOR;RAC_SP_INTERIOR
20330349;Eventual;Aberto;GHZ9I94;MV208DGS37BR;FY;QX;Website Movida;24/03/2023 10:00;SÃO PAULO - MOEMA;27/03/2023 15:00;SÃO PAULO - GUARULHOS AEROPORTO;3.0;747,96;Upgrade;RAC_SP_CAPITAL;RAC_SP_ZL_ABC_VP
20330383;Eventual;Aberto;RTU2E22;MV1LKH1845BR;D;H;Mobile;24/03/2023 11:31;RIO DE JANEIRO - COPACABANA RIO SUL SH;26/03/2023 12:00;RIO DE JANEIRO - COPACABANA RIO SUL SH;2.0;323,16;Upgrade;RAC_RJ_CAPITAL;RAC_RJ_CAPITAL
20330415;Eventual;Aberto;RTG0D77;MV2AGBLPUFBR;F;FX;WebServices (XML);24/03/2023 10:05;SALVADOR - PARALELA;27/03/2023 10:00;SALVADOR - PARALELA;3.0;510,32;Upgrade;RAC_BA_SE_AL;RAC_BA_SE_AL
20330419;Eventual;Aberto;RTK1B29;MV1P81Y5C0BR;C;D;WebServices (XML);24/03/2023 10:25;SANTO ANDRÉ;27/03/2023 08:00;SANTO ANDRÉ;3.0;619,70;UpSell;RAC_SP_ZL_ABC_VP;RAC_SP_ZL_ABC_VP
20330641;Eventual;Aberto;RVD3F70;MV1VQIMMNRBR;G;SY;Loja - Walk in;24/03/2023 10:20;BELÉM CENTRO;27/03/2023 13:00;BELÉM CENTRO;3.0;1.429,66;UpSell;RAC_NORTE;RAC_NORTE
20330653;Eventual;Aberto;RTY1E44;MV1SULRSREBR;H;QX;Loja - Walk in;24/03/2023 10:25;IMPERATRIZ AEROPORTO;27/03/2023 13:25;IMPERATRIZ AEROPORTO;3.0;994,05;Upgrade;RAC_NORTE;RAC_NORTE
20330727;Eventual;Aberto;RUH4G26;MV1MT9UMT0BR;BS;HW;Website Movida;24/03/2023 09:50;MANAUS AEROPORTO;27/03/2023 09:00;MANAUS AEROPORTO;3.0;858,75;Upgrade;RAC_NORTE;RAC_NORTE
20330988;Eventual;Aberto;RON4D05;MV1P48L0N9BR;SY;K;WebServices (XML);24/03/2023 10:52;JUNDIAÍ;27/03/2023 13:50;JUNDIAÍ;3.0;779,20;Upgrade;RAC_SP_INTERIOR;RAC_SP_INTERIOR
20331197;Eventual;Aberto;GHK1A77;MV1JTJPR1SBR;C;D;Mobile;24/03/2023 11:10;BELO HORIZONTE AEROPORTO CONFINS;26/03/2023 14:10;BELO HORIZONTE AEROPORTO CONFINS;2.0;384,94;Upgrade;RAC_MG;RAC_MG
20331238;Eventual;Aberto;RTM2H47;MV2ACI8DO7BR;FY;H;Mobile;24/03/2023 11:14;CAMPINAS OROSIMBO;27/03/2023 11:14;CAMPINAS OROSIMBO;3.0;698,44;Upgrade;RAC_SP_INTERIOR;RAC_SP_INTERIOR
20331270;Eventual;Aberto;RTO7E72;MV28FUWH2MBR;HW;HY;Parcerias;24/03/2023 11:18;RIO DE JANEIRO - BARRA DA TIJUCA EXTRA;27/03/2023 11:00;RIO DE JANEIRO - BARRA DA TIJUCA EXTRA;3.0;971,61;Upgrade;RAC_RJ_CAPITAL;RAC_RJ_CAPITAL
20331294;Eventual;Aberto;GIX5B64;MV1SHA8SVPBR;HX;HW;Parcerias;24/03/2023 11:50;CURITIBA AEROPORTO;26/03/2023 14:50;CURITIBA AEROPORTO;2.0;609,82;UpSell;RAC_SUL_PR_SC;RAC_SUL_PR_SC
20331437;Eventual;Aberto;RUG4E22;MV1OGE0L05BR;HX;H;Portal Empresa;24/03/2023 11:29;SANTOS AFFONSO PENNA;27/03/2023 12:00;SANTOS AFFONSO PENNA;3.0;612,03;Upgrade;RAC_SP_ZL_ABC_VP;RAC_SP_ZL_ABC_VP
20331530;Eventual;Aberto;RTT8C90;MV1UC0VESQBR;D;FX;Call Center;24/03/2023 11:50;RIO DE JANEIRO - MADUREIRA;27/03/2023 17:00;RIO DE JANEIRO - MADUREIRA;3.0;580,11;Upgrade;RAC_RJ_CAPITAL;RAC_RJ_CAPITAL
20331614;Eventual;Aberto;RKC7F99;MV1QQCU01MBR;F;G;Mobile;24/03/2023 11:47;POUSO ALEGRE;27/03/2023 11:30;POUSO ALEGRE;3.0;649,69;Upgrade;RAC_MG;RAC_MG
20331619;Eventual;Aberto;FDB6H63;MV307MC8GRBR;D;HX;Call Center;24/03/2023 11:50;DUQUE DE CAXIAS;27/03/2023 12:00;RIO DE JANEIRO - BARRA DA TIJUCA EXTRA;3.0;494,12;Upgrade;RAC_ES_RJ_INTERIOR;RAC_RJ_CAPITAL
20331665;Eventual;Aberto;EFI1G64;MV1QQCS10OBR;AX;D;Mobile;24/03/2023 11:57;POUSO ALEGRE;27/03/2023 12:30;POUSO ALEGRE;3.0;507,23;Upgrade;RAC_MG;RAC_MG
20331738;Eventual;Aberto;GHX1E33;MV1MC51SUCBR;F;H;WebServices (XML);24/03/2023 11:04;CUIABA AEROPORTO;27/03/2023 16:00;CUIABA AEROPORTO;3.0;443,63;Upgrade;RAC_CO;RAC_CO
20331855;Eventual;Aberto;RTO9G65;MV1N1VEW7NBR;H;H;Mobile;24/03/2023 12:20;MACAÉ;27/03/2023 15:20;MACAÉ;3.0;654,39;UpSell;RAC_ES_RJ_INTERIOR;RAC_ES_RJ_INTERIOR
20331886;Eventual;Aberto;RTU2I52;MV1T71LIMWBR;J;KX;WebServices (XML);24/03/2023 12:18;FRANCA;27/03/2023 12:00;FRANCA;3.0;744,15;Upgrade;RAC_MG;RAC_MG
20331998;Eventual;Aberto;GFT6G32;MV1KQWHQGCBR;G;H;WebServices (XML);24/03/2023 12:32;RECIFE AEROPORTO;27/03/2023 16:30;RECIFE AEROPORTO;3.0;843,02;Upgrade;RAC_NORDESTE;RAC_NORDESTE
20332031;Eventual;Aberto;RUJ0A18;MV1QQCQQPWBR;HW;HX;Mobile;24/03/2023 12:28;POUSO ALEGRE;27/03/2023 15:28;POUSO ALEGRE;3.0;820,44;Upgrade;RAC_MG;RAC_MG
20332037;Eventual;Aberto;RTT8A82;MV2WYK5BFEBR;D;FX;Mobile;24/03/2023 12:33;CANOAS;27/03/2023 12:00;CANOAS;3.0;585,86;Upgrade;RAC_SUL_RS_SC;RAC_SUL_RS_SC
20332050;Eventual;Aberto;CUA2B23;MV27TWYHNXBR;BX;D;Website Movida;24/03/2023 12:43;SÃO PAULO - VILA LEOPOLDINA;27/03/2023 13:00;SÃO PAULO - VILA LEOPOLDINA;3.0;610,49;Upgrade;RAC_SP_CAPITAL;RAC_SP_CAPITAL
20332114;Eventual;Aberto;RTO0H42;MV1N1V8XDUBR;D;H;Mobile;24/03/2023 12:40;MACAÉ;27/03/2023 13:00;MACAÉ;3.0;511,03;Upgrade;RAC_ES_RJ_INTERIOR;RAC_ES_RJ_INTERIOR
20332159;Eventual;Aberto;RNZ8I16;MV1UFTAQS0BR;D;H;Portal Empresa;24/03/2023 12:45;BELO HORIZONTE PAMPULHA ANTONIO CARLOS;27/03/2023 10:00;BELO HORIZONTE LOURDES BIAS FORTES;3.0;611,76;Upgrade;RAC_MG;RAC_MG
20332218;Eventual;Aberto;RUF3E51;MV1S05K3KPBR;D;H;Parcerias;24/03/2023 13:38;NAVEGANTES AEROPORTO;27/03/2023 14:00;NAVEGANTES AEROPORTO;3.0;659,37;Upgrade;RAC_SUL_PR_SC;RAC_SUL_PR_SC
20332238;Eventual;Aberto;GGM0D14;MV22RUJNP5BR;HX;HY;Mobile;24/03/2023 12:52;SÃO PAULO - SHOPPING ARICANDUVA;27/03/2023 13:00;SÃO PAULO - SHOPPING ARICANDUVA;3.0;927,32;Upgrade;RAC_SP_ZL_ABC_VP;RAC_SP_ZL_ABC_VP
20332331;Eventual;Aberto;RNU3C63;MV1PDQVM2ABR;BS;H;Parcerias;24/03/2023 13:02;CAMPINA GRANDE AEROPORTO;27/03/2023 12:30;CAMPINA GRANDE AEROPORTO;3.0;370,07;Upgrade;RAC_NORDESTE;RAC_NORDESTE
20332440;Eventual;Aberto;RUG2F11;MV1QEX1LP5BR;F;H;Loja - Walk in;24/03/2023 13:10;PALMAS CENTRO;27/03/2023 14:00;PALMAS CENTRO;3.0;958,51;Upgrade;RAC_CO;RAC_CO
20332506;Eventual;Aberto;GIA9J67;MV1SH9WN01BR;AX;H;Parcerias;24/03/2023 13:30;CURITIBA AEROPORTO;27/03/2023 15:30;CURITIBA AEROPORTO;3.0;1.069,89;Upgrade;RAC_SUL_PR_SC;RAC_SUL_PR_SC
20332566;Eventual;Aberto;GJD7J02;MV1OGDY3UNBR;F;QX;Website Movida;24/03/2023 13:25;SANTOS AFFONSO PENNA;27/03/2023 13:00;SANTOS AFFONSO PENNA;3.0;410,96;Upgrade;RAC_SP_ZL_ABC_VP;RAC_SP_ZL_ABC_VP
20332617;Eventual;Aberto;RTO1D98;MV23T1O77QBR;F;H;Mobile;24/03/2023 13:32;RECIFE CAXANGÁ;27/03/2023 13:00;RECIFE CAXANGÁ;3.0;628,39;Upgrade;RAC_NORDESTE;RAC_NORDESTE
20332624;Eventual;Aberto;RUG4E39;MV1S05EE1UBR;D;H;WebServices (XML);24/03/2023 13:30;NAVEGANTES AEROPORTO;27/03/2023 16:30;NAVEGANTES AEROPORTO;3.0;380,39;Upgrade;RAC_SUL_PR_SC;RAC_SUL_PR_SC
20332636;Eventual;Aberto;FTJ1H06;MV1K5XIAPIBR;D;H;WebServices (XML);24/03/2023 13:35;RIO DE JANEIRO-SANTOS DUMONT AERO/MARINA GLORIA;27/03/2023 22:00;RIO DE JANEIRO-SANTOS DUMONT AERO/MARINA GLORIA;4.0;602,02;Upgrade;RAC_RJ_CAPITAL;RAC_RJ_CAPITAL
20332819;Eventual;Aberto;GFE6B74;MV1K7V7AR9BR;C;D;Portal Agência;24/03/2023 14:00;BELO HORIZONTE LOURDES BIAS FORTES;27/03/2023 14:10;BELO HORIZONTE LOURDES BIAS FORTES;3.0;390,12;Upgrade;RAC_MG;RAC_MG
20332982;Eventual;Aberto;RUF1F67;MV2D2PBGVCBR;D;HW;Portal Agência;24/03/2023 14:05;BARUERI ALPHAVILLE - TAMBORE;25/03/2023 11:30;BARUERI ALPHAVILLE - TAMBORE;1.0;519,90;Upgrade;RAC_SP_INTERIOR;RAC_SP_INTERIOR
20333002;Eventual;Aberto;RTX4C92;MV1OK7AKN4BR;H;HX;WebServices (XML);24/03/2023 14:10;SÃO JOSÉ DOS CAMPOS - SHOPPING COLINAS;27/03/2023 15:00;SÃO JOSÉ DOS CAMPOS - SHOPPING COLINAS;3.0;694,52;Upgrade;RAC_SP_ZL_ABC_VP;RAC_SP_ZL_ABC_VP
20333011;Eventual;Aberto;RKT7B25;MV2Y4JHLVRBR;BX;G;Mobile;24/03/2023 14:12;VOLTA REDONDA - SHOPPING PARK SUL;27/03/2023 14:00;VOLTA REDONDA - SHOPPING PARK SUL;3.0;483,74;Upgrade;RAC_ES_RJ_INTERIOR;RAC_ES_RJ_INTERIOR
20333052;Eventual;Aberto;GHJ6G97;MV1NMTDNCIBR;D;H;WebServices (XML);24/03/2023 14:20;MOGI DAS CRUZES;27/03/2023 17:20;MOGI DAS CRUZES;3.0;586,10;Upgrade;RAC_SP_ZL_ABC_VP;RAC_SP_ZL_ABC_VP
20333205;Eventual;Aberto;RTF5F01;MV217N0W2PBR;D;H;Parcerias;24/03/2023 14:40;PORTO SEGURO AEROPORTO;27/03/2023 13:00;PORTO SEGURO AEROPORTO;3.0;623,35;Upgrade;RAC_BA_SE_AL;RAC_BA_SE_AL
20333282;Eventual;Aberto;RTW9F74;MV1JNTSHHQBR;H;HX;Call Center;24/03/2023 14:44;SÃO PAULO - GUARULHOS AEROPORTO;27/03/2023 14:00;SÃO PAULO - GUARULHOS AEROPORTO;3.0;752,00;Upgrade;RAC_SP_ZL_ABC_VP;RAC_SP_ZL_ABC_VP
20333285;Eventual;Aberto;RUH3C01;MV1K5YGV4YBR;D;H;Mobile;24/03/2023 14:44;RIO DE JANEIRO-SANTOS DUMONT AERO/MARINA GLORIA;26/03/2023 14:00;RIO DE JANEIRO-SANTOS DUMONT AERO/MARINA GLORIA;2.0;397,53;Upgrade;RAC_RJ_CAPITAL;RAC_RJ_CAPITAL
20333320;Eventual;Aberto;RJJ7A82;MV1QOG7VIOBR;D;HX;Website Movida;24/03/2023 14:48;SÃO CARLOS;27/03/2023 15:00;SÃO CARLOS;3.0;783,04;Upgrade;RAC_SP_INTERIOR;RAC_SP_INTERIOR
20333395;Eventual;Aberto;RUH3B78;MV1TRYN0NEBR;C;D;WebServices (XML);24/03/2023 14:55;PIRACICABA;27/03/2023 16:00;PIRACICABA;3.0;476,39;Upgrade;RAC_SP_INTERIOR;RAC_SP_INTERIOR
20333424;Eventual;Aberto;RTX4D05;MV1UFT9B2SBR;HW;HX;WebServices (XML);24/03/2023 15:00;BELO HORIZONTE PAMPULHA ANTONIO CARLOS;26/03/2023 13:00;BELO HORIZONTE PAMPULHA ANTONIO CARLOS;2.0;383,73;Upgrade;RAC_MG;RAC_MG
20333484;Eventual;Aberto;RTH6G19;MV1SDH1NTLBR;BX;HY;Mobile;24/03/2023 15:04;BLUMENAU;27/03/2023 18:00;BLUMENAU;3.0;1.248,54;Upgrade;RAC_SUL_PR_SC;RAC_SUL_PR_SC
20333499;Eventual;Aberto;RTV2J06;MV1JTJOEABBR;G;H;WebServices (XML);24/03/2023 15:10;BELO HORIZONTE AEROPORTO CONFINS;27/03/2023 14:00;BELO HORIZONTE AEROPORTO CONFINS;3.0;698,43;Upgrade;RAC_MG;RAC_MG
20333622;Eventual;Aberto;GCB6C93;MV20PIADGGBR;D;FX;Mobile;24/03/2023 18:30;SÃO PAULO - SHOPPING CENTER NORTE;27/03/2023 20:00;SÃO PAULO - RODOVIÁRIA TIETÊ;3.0;939,02;Upgrade;RAC_SP_CAPITAL;RAC_SP_CAPITAL
20333711;Eventual;Aberto;RUC0F49;MV1Q1LK556BR;F;HX;Mobile;24/03/2023 15:31;NITERÓI;27/03/2023 16:30;NITERÓI;3.0;636,65;Upgrade;RAC_RJ_CAPITAL;RAC_RJ_CAPITAL
20333737;Eventual;Aberto;EQW6C56;MV2MBDVOPEBR;BX;K;Parcerias;24/03/2023 15:40;SÃO PAULO - NAÇÕES UNIDAS;27/03/2023 18:30;SÃO PAULO - NAÇÕES UNIDAS;3.0;1.249,94;Upgrade;RAC_SP_CAPITAL;RAC_SP_CAPITAL
20333752;Eventual;Aberto;GCQ4F25;MV4H21DLI7GBR;BS;FX;Mobile;24/03/2023 14:35;PORTO VELHO CENTRO;27/03/2023 14:00;PORTO VELHO CENTRO;3.0;697,05;Upgrade;RAC_CO;RAC_CO
20333754;Eventual;Aberto;RTA6F67;MV1SHABEGRBR;D;H;Loja - Walk in;24/03/2023 15:45;CURITIBA AEROPORTO;27/03/2023 16:45;CURITIBA AEROPORTO;3.0;840,78;Upgrade;RAC_SUL_PR_SC;RAC_SUL_PR_SC
20333792;Eventual;Aberto;RUA7I60;MV1YXUB38MBR;BX;KX;Loja - Walk in;24/03/2023 15:50;SÃO JOSÉ DO RIO PRETO AEROPORTO;27/03/2023 15:50;SÃO JOSÉ DO RIO PRETO AEROPORTO;3.0;2.071,67;Upgrade;RAC_SP_INTERIOR;RAC_SP_INTERIOR
20333829;Eventual;Aberto;RUH3E48;MV1KWMI3QPBR;BX;D;WebServices (XML);24/03/2023 15:28;BRASILIA AEROPORTO;27/03/2023 15:00;BRASILIA AEROPORTO;3.0;956,21;Upgrade;RAC_CO;RAC_CO
20333863;Eventual;Aberto;RUH3E89;MV1JI4VDRVBR;F;HX;WebServices (XML);24/03/2023 15:55;SALVADOR AEROPORTO;27/03/2023 16:30;SALVADOR AEROPORTO;3.0;750,92;Upgrade;RAC_BA_SE_AL;RAC_BA_SE_AL
20333873;Eventual;Aberto;RTX0J75;MV1PWSA1TIBR;FX;HX;Link Colaborador;24/03/2023 16:12;GUARATINGUETÁ;27/03/2023 13:00;GUARATINGUETÁ;3.0;508,23;Upgrade;RAC_SP_ZL_ABC_VP;RAC_SP_ZL_ABC_VP
20333945;Eventual;Aberto;RUC3J10;MV1NKWGM8XBR;BX;QX;Parcerias;24/03/2023 16:10;OSASCO;27/03/2023 16:10;OSASCO;3.0;450,31;Upgrade;RAC_SP_CAPITAL;RAC_SP_CAPITAL
20334019;Eventual;Aberto;RUH3B87;MV1QQCTNTABR;B;D;Mobile;24/03/2023 15:56;POUSO ALEGRE;27/03/2023 15:00;POUSO ALEGRE;3.0;394,06;Upgrade;RAC_MG;RAC_MG
20334081;Eventual;Aberto;FYG6B04;MV2D2PATQ5BR;L;H;Portal Empresa;24/03/2023 16:13;BARUERI ALPHAVILLE - TAMBORE;27/03/2023 20:00;SÃO PAULO - SHOPPING BUTANTÃ;3.0;1.141,12;Upgrade;RAC_SP_INTERIOR;RAC_SP_CAPITAL
20334089;Eventual;Aberto;RFS1E04;MV1JLX6HPEBR;F;FY;Loja - Walk in;24/03/2023 16:30;SÃO PAULO - CONGONHAS AEROPORTO;27/03/2023 16:30;SÃO PAULO - CONGONHAS AEROPORTO;3.0;632,51;Upgrade;RAC_SP_CAPITAL;RAC_SP_CAPITAL
20334141;Eventual;Aberto;RUH7G90;MV1SL3KCRWBR;B;D;Portal Empresa;24/03/2023 16:25;PETROLINA AEROPORTO;27/03/2023 17:00;PETROLINA AEROPORTO;3.0;543,42;Upgrade;RAC_NORDESTE;RAC_NORDESTE
20334164;Eventual;Aberto;RVD3F72;MV1K09MYH9BR;L;SY;Portal Agência;24/03/2023 16:22;FORTALEZA AEROPORTO;26/03/2023 16:22;FORTALEZA AEROPORTO;2.0;538,63;Upgrade;RAC_NORDESTE;RAC_NORDESTE
20334202;Eventual;Aberto;RTB0A67;MV2250V311BR;HW;HY;Portal Empresa;24/03/2023 16:30;JUIZ DE FORA CENTRO;27/03/2023 18:30;JUIZ DE FORA CENTRO;3.0;1.310,69;Upgrade;RAC_ES_RJ_INTERIOR;RAC_ES_RJ_INTERIOR
20334225;Eventual;Aberto;EHN5J31;MV1QXYFB1CBR;AX;HX;Website Movida;24/03/2023 16:23;MANAUS CENTRO;27/03/2023 18:00;MANAUS CENTRO;3.0;661,55;Upgrade;RAC_NORTE;RAC_NORTE
20334256;Eventual;Aberto;GEH0I25;MV1S05JIE3BR;F;FX;WebServices (XML);24/03/2023 16:50;NAVEGANTES AEROPORTO;27/03/2023 19:00;FLORIANÓPOLIS AEROPORTO;3.0;593,70;Upgrade;RAC_SUL_PR_SC;RAC_SUL_RS_SC
20334280;Eventual;Aberto;GDO9E67;MV2499SYL4BR;FX;H;Portal Empresa;24/03/2023 16:50;"Filial ID
POA    PORTO ALEGRE AEROPORTO
POA    PORTO ALEGRE AEROPORTO
Name: Loja, dtype: object";25/03/2023 10:00;"Filial ID
POA    PORTO ALEGRE AEROPORTO
POA    PORTO ALEGRE AEROPORTO
Name: Loja, dtype: object";1.0;160,00;Upgrade;"Filial ID
POA    RAC_SUL_RS_SC
POA    RAC_SUL_RS_SC
Name: Região, dtype: object";"Filial ID
POA    RAC_SUL_RS_SC
POA    RAC_SUL_RS_SC
Name: Região, dtype: object"
20334309;Eventual;Aberto;RTK1C13;MV1PWSAFP6BR;D;D;Loja - Walk in;24/03/2023 16:45;GUARATINGUETÁ;27/03/2023 17:30;GUARATINGUETÁ;3.0;595,86;UpSell;RAC_SP_ZL_ABC_VP;RAC_SP_ZL_ABC_VP
20334425;Eventual;Aberto;RIQ7C69;MV1UFTA9MQBR;H;HX;Mobile;24/03/2023 16:55;BELO HORIZONTE PAMPULHA ANTONIO CARLOS;27/03/2023 17:00;BELO HORIZONTE PAMPULHA ANTONIO CARLOS;3.0;662,87;Upgrade;RAC_MG;RAC_MG
20334443;Eventual;Aberto;RTK1C62;MV1JK1ILQFBR;BS;H;WebServices (XML);24/03/2023 17:00;RIO DE JANEIRO - BARRA DA TIJUCA;27/03/2023 20:00;RIO DE JANEIRO - BARRA DA TIJUCA;3.0;637,76;Upgrade;RAC_RJ_CAPITAL;RAC_RJ_CAPITAL
20334455;Eventual;Aberto;RJV7C35;MV1MJQNWSGBR;BX;HX;Website Movida;24/03/2023 16:52;RESENDE;27/03/2023 17:00;RESENDE;3.0;766,79;Upgrade;RAC_ES_RJ_INTERIOR;RAC_ES_RJ_INTERIOR
20334456;Eventual;Aberto;RTX4D40;MV1N1VEVL4BR;H;HX;WebServices (XML);24/03/2023 16:49;MACAÉ;27/03/2023 17:00;MACAÉ;3.0;464,18;Upgrade;RAC_ES_RJ_INTERIOR;RAC_ES_RJ_INTERIOR
20334585;Eventual;Aberto;SHI3G81;MV28FV0295BR;HX;HY;Portal Agência;24/03/2023 17:20;RIO DE JANEIRO - BARRA DA TIJUCA EXTRA;27/03/2023 17:20;RIO DE JANEIRO - BARRA DA TIJUCA EXTRA;3.0;904,51;Upgrade;RAC_RJ_CAPITAL;RAC_RJ_CAPITAL
20334729;Eventual;Aberto;RTG0E80;MV1TXOK5XOBR;F;FX;Call Center;24/03/2023 17:15;NATAL PONTA NEGRA;27/03/2023 16:10;NATAL PONTA NEGRA;3.0;460,66;Upgrade;RAC_NORDESTE;RAC_NORDESTE
20334872;Eventual;Aberto;RUH3D79;MV1K5YEK08BR;B;D;WebServices (XML);24/03/2023 17:32;RIO DE JANEIRO-SANTOS DUMONT AERO/MARINA GLORIA;26/03/2023 17:00;RIO DE JANEIRO-SANTOS DUMONT AERO/MARINA GLORIA;2.0;391,71;UpSell;RAC_RJ_CAPITAL;RAC_RJ_CAPITAL
20334910;Eventual;Aberto;RTO0J77;MV2AGBH9XOBR;FX;H;Call Center;24/03/2023 17:29;SALVADOR - PARALELA;27/03/2023 17:30;SALVADOR - PARALELA;3.0;507,33;Upgrade;RAC_BA_SE_AL;RAC_BA_SE_AL
20335003;Eventual;Aberto;RUK8H65;MV1RRJ08E1BR;HX;SS;Loja - Walk in;24/03/2023 17:49;MONTES CLAROS AEROPORTO;27/03/2023 17:00;MONTES CLAROS AEROPORTO;3.0;1.077,31;Upgrade;RAC_MG;RAC_MG
20335084;Eventual;Aberto;RTX5J59;MV1O8R15HIBR;HW;HX;Mobile;24/03/2023 17:52;SÃO PAULO - SHOPPING CAMPO LIMPO;27/03/2023 17:52;SÃO PAULO - SHOPPING CAMPO LIMPO;3.0;617,50;Upgrade;RAC_SP_CAPITAL;RAC_SP_CAPITAL
20335123;Eventual;Aberto;RNZ8I07;MV1K5YK0M7BR;FX;H;WebServices (XML);24/03/2023 18:00;RIO DE JANEIRO-SANTOS DUMONT AERO/MARINA GLORIA;27/03/2023 17:00;RIO DE JANEIRO-SANTOS DUMONT AERO/MARINA GLORIA;3.0;737,74;Upgrade;RAC_RJ_CAPITAL;RAC_RJ_CAPITAL
20335158;Eventual;Aberto;RFH5C37;MV1T1BP1TLBR;D;FY;Call Center;24/03/2023 18:05;SÃO PAULO - SAÚDE;26/03/2023 18:05;SÃO PAULO - SAÚDE;2.0;555,16;Upgrade;RAC_SP_CAPITAL;RAC_SP_CAPITAL
20335187;Eventual;Aberto;RTM1J06;MV1RE7IYROBR;F;H;Mobile;24/03/2023 18:00;CONTAGEM;27/03/2023 18:00;CONTAGEM;3.0;389,45;Upgrade;RAC_MG;RAC_MG
20335265;Eventual;Aberto;RUQ7E94;MV1ORSUK69BR;C;H;Link Colaborador;24/03/2023 18:20;SÃO BERNARDO PLAZA SHOPPING;27/03/2023 19:00;SÃO BERNARDO PLAZA SHOPPING;3.0;332,40;Upgrade;RAC_SP_ZL_ABC_VP;RAC_SP_ZL_ABC_VP
20335461;Eventual;Aberto;RUY9J24;MV1JI4VHJ9BR;F;FY;WebServices (XML);24/03/2023 18:30;SALVADOR AEROPORTO;27/03/2023 18:00;MACAÉ;3.0;883,48;Upgrade;RAC_BA_SE_AL;RAC_ES_RJ_INTERIOR
20335636;Eventual;Aberto;RKJ7C31;MV1JRN3B0YBR;F;G;Mobile;24/03/2023 18:36;SÃO BERNARDO DO CAMPO - ASSAI ANCHIETA;27/03/2023 18:30;SÃO BERNARDO DO CAMPO - ASSAI ANCHIETA;3.0;443,92;Upgrade;RAC_SP_ZL_ABC_VP;RAC_SP_ZL_ABC_VP
20335644;Eventual;Aberto;FCU8F76;MV1TVRWGO8BR;HW;SX;WebServices (XML);24/03/2023 18:50;BELO HORIZONTE BARÃO HOMEM DE MELO;27/03/2023 17:00;BELO HORIZONTE BARÃO HOMEM DE MELO;3.0;1.132,90;Upgrade;RAC_MG;RAC_MG
20335652;Eventual;Aberto;RTM2J84;MV1TRYMQUJBR;AX;KX;Loja - Walk in;24/03/2023 18:50;PIRACICABA;27/03/2023 19:00;PIRACICABA;3.0;1.359,22;Upgrade;RAC_SP_INTERIOR;RAC_SP_INTERIOR
20335655;Eventual;Aberto;RJS7F10;MV28FUX4TXBR;HW;HX;WebServices (XML);24/03/2023 18:45;RIO DE JANEIRO - BARRA DA TIJUCA EXTRA;27/03/2023 15:00;RIO DE JANEIRO - BARRA DA TIJUCA EXTRA;3.0;1.180,20;Upgrade;RAC_RJ_CAPITAL;RAC_RJ_CAPITAL
20335729;Eventual;Aberto;RTW7I58;MV1TVRW9HHBR;FX;HX;Website Movida;24/03/2023 19:00;BELO HORIZONTE BARÃO HOMEM DE MELO;27/03/2023 17:30;BELO HORIZONTE BARÃO HOMEM DE MELO;3.0;801,28;Upgrade;RAC_MG;RAC_MG
20335747;Eventual;Aberto;RUQ1F89;MV2M9H9W16BR;BX;HX;WebServices (XML);24/03/2023 18:55;SÃO PAULO - SHOPPING PATIO PAULISTA;27/03/2023 19:00;SÃO PAULO - SHOPPING PATIO PAULISTA;3.0;418,82;Upgrade;RAC_SP_CAPITAL;RAC_SP_CAPITAL
20335753;Eventual;Aberto;RTA8A99;MV1KWMI7DKBR;BX;HX;Mobile;24/03/2023 18:59;BRASILIA AEROPORTO;25/03/2023 18:30;BRASILIA AEROPORTO;1.0;333,78;Upgrade;RAC_CO;RAC_CO
20335818;Eventual;Aberto;RTA9J75;MV1UWY2OGVBR;HX;HY;Mobile;24/03/2023 19:10;SALVADOR AMARALINA - PITUBA;27/03/2023 17:00;SALVADOR AMARALINA - PITUBA;3.0;1.700,64;Upgrade;RAC_BA_SE_AL;RAC_BA_SE_AL
20335826;Eventual;Aberto;ENQ6J71;MV1T54YNJUBR;F;H;Website Movida;24/03/2023 19:10;SÃO PAULO - SHOPPING BUTANTÃ;26/03/2023 19:10;SÃO PAULO - RODOVIÁRIA TIETÊ;2.0;397,41;Upgrade;RAC_SP_CAPITAL;RAC_SP_CAPITAL
20335984;Eventual;Aberto;RUB6E97;MV1TO6CDWNBR;HX;HY;Website Movida;24/03/2023 19:31;SÃO PAULO - JUSCELINO KUBITSCHEK;26/03/2023 20:00;SÃO PAULO - JUSCELINO KUBITSCHEK;2.0;560,22;Upgrade;RAC_SP_CAPITAL;RAC_SP_CAPITAL
20336060;Eventual;Aberto;RTW7I13;MV1OCKQJY9BR;H;HX;Website Movida;24/03/2023 19:33;RIBEIRÃO PRETO AEROPORTO;27/03/2023 18:30;RIBEIRÃO PRETO AEROPORTO;3.0;686,01;Upgrade;RAC_MG;RAC_MG
20336183;Eventual;Aberto;RTO9H83;MV22TR7CT5BR;F;H;Mobile;24/03/2023 19:48;RIO DE JANEIRO - SHOPPING BOULEVARD;26/03/2023 19:03;RIO DE JANEIRO - SHOPPING BOULEVARD;2.0;378,36;Upgrade;RAC_RJ_CAPITAL;RAC_RJ_CAPITAL
20336196;Eventual;Aberto;RUF9E58;MV1P48P259BR;B;H;Mobile;24/03/2023 19:50;JUNDIAÍ;27/03/2023 20:00;JUNDIAÍ;3.0;737,06;Upgrade;RAC_SP_INTERIOR;RAC_SP_INTERIOR
20336266;Eventual;Aberto;RTO7G84;MV1S05EE8WBR;D;H;WebServices (XML);24/03/2023 19:48;NAVEGANTES AEROPORTO;27/03/2023 14:00;NAVEGANTES AEROPORTO;3.0;522,04;UpSell;RAC_SUL_PR_SC;RAC_SUL_PR_SC
20336301;Eventual;Aberto;RTN0B23;MV1O8RF7OIBR;FX;H;Website Movida;24/03/2023 20:04;SÃO PAULO - SHOPPING CAMPO LIMPO;27/03/2023 20:00;SÃO PAULO - SHOPPING CAMPO LIMPO;3.0;1.310,04;Upgrade;RAC_SP_CAPITAL;RAC_SP_CAPITAL
20336309;Eventual;Aberto;RUE6B90;MV2MBDWV0VBR;HX;HW;WebServices (XML);24/03/2023 20:20;SÃO PAULO - NAÇÕES UNIDAS;27/03/2023 19:00;SÃO PAULO - NAÇÕES UNIDAS;3.0;1.153,59;Upgrade;RAC_SP_CAPITAL;RAC_SP_CAPITAL
20336372;Eventual;Aberto;RUC5C99;MV1TO6C7GFBR;D;H;Mobile;24/03/2023 20:08;SÃO PAULO - JUSCELINO KUBITSCHEK;27/03/2023 19:00;SÃO PAULO - JUSCELINO KUBITSCHEK;3.0;774,95;Upgrade;RAC_SP_CAPITAL;RAC_SP_CAPITAL
20336374;Eventual;Aberto;RKS7B51;MV1KQWL5Q2BR;H;HX;WebServices (XML);24/03/2023 20:19;RECIFE AEROPORTO;27/03/2023 20:00;RECIFE AEROPORTO;3.0;659,45;Upgrade;RAC_NORDESTE;RAC_NORDESTE
20336478;Eventual;Aberto;RNE8D30;MV1JNTSSE4BR;HX;HW;Mobile;24/03/2023 20:42;SÃO PAULO - GUARULHOS AEROPORTO;26/03/2023 20:30;SÃO PAULO - GUARULHOS AEROPORTO;2.0;577,03;UpSell;RAC_SP_ZL_ABC_VP;RAC_SP_ZL_ABC_VP
20336715;Eventual;Aberto;RTU2G31;MV1MNJXTL7BR;C;D;Loja - Walk in;24/03/2023 21:39;TERESINA AEROPORTO;27/03/2023 22:00;TERESINA AEROPORTO;3.0;659,37;UpSell;RAC_NORTE;RAC_NORTE
20336893;Eventual;Aberto;RNX1D17;MV1K5YHJ7MBR;F;D;WebServices (XML);24/03/2023 22:50;RIO DE JANEIRO-SANTOS DUMONT AERO/MARINA GLORIA;27/03/2023 16:00;RIO DE JANEIRO-SANTOS DUMONT AERO/MARINA GLORIA;3.0;421,04;Upgrade;RAC_RJ_CAPITAL;RAC_RJ_CAPITAL
20337100;Eventual;Aberto;GKD6F17;MV24KOHGR1BR;FX;QX;WebServices (XML);25/03/2023 01:40;VITÓRIA AEROPORTO;27/03/2023 15:30;VITÓRIA AEROPORTO;3.0;359,63;Upgrade;RAC_ES_RJ_INTERIOR;RAC_ES_RJ_INTERIOR
20337246;Eventual;Aberto;RNP5I69;MV24KON96FBR;H;HW;WebServices (XML);25/03/2023 05:50;VITÓRIA AEROPORTO;27/03/2023 16:00;RIO DE JANEIRO-SANTOS DUMONT AERO/MARINA GLORIA;3.0;860,68;Upgrade;RAC_ES_RJ_INTERIOR;RAC_RJ_CAPITAL
20337322;Eventual;Aberto;RKR7D46;MV1V9DVA4GBR;BX;G;Mobile;25/03/2023 06:50;MACAPA AEROPORTO;27/03/2023 16:30;MACAPA AEROPORTO;3.0;634,94;Upgrade;RAC_NORTE;RAC_NORTE
20337521;Eventual;Aberto;RJR6J73;MV1V9DVLT1BR;H;HX;Mobile;25/03/2023 07:32;MACAPA AEROPORTO;27/03/2023 07:30;MACAPA AEROPORTO;2.0;495,76;Upgrade;RAC_NORTE;RAC_NORTE
20337849;Eventual;Aberto;GGK4I24;MV1JNTR4S7BR;H;QX;Website Movida;25/03/2023 08:15;SÃO PAULO - GUARULHOS AEROPORTO;27/03/2023 18:00;SÃO PAULO - GUARULHOS AEROPORTO;3.0;638,97;Upgrade;RAC_SP_ZL_ABC_VP;RAC_SP_ZL_ABC_VP
20338030;Eventual;Aberto;EKU9G17;MV1KWMIAKOBR;XE;HX;Mobile;25/03/2023 08:35;BRASILIA AEROPORTO;27/03/2023 21:00;BRASILIA AEROPORTO;3.0;1.115,86;UpSell;RAC_CO;RAC_CO
20338221;Eventual;Aberto;RUR3G58;MV2499RSR4BR;HW;HX;WebServices (XML);25/03/2023 08:48;"Filial ID
POA    PORTO ALEGRE AEROPORTO
POA    PORTO ALEGRE AEROPORTO
Name: Loja, dtype: object";27/03/2023 20:00;"Filial ID
POA    PORTO ALEGRE AEROPORTO
POA    PORTO ALEGRE AEROPORTO
Name: Loja, dtype: object";3.0;545,18;Upgrade;"Filial ID
POA    RAC_SUL_RS_SC
POA    RAC_SUL_RS_SC
Name: Região, dtype: object";"Filial ID
POA    RAC_SUL_RS_SC
POA    RAC_SUL_RS_SC
Name: Região, dtype: object"
20338786;Eventual;Aberto;RHF3H68;MV1N1VB1VOBR;D;FX;WebServices (XML);25/03/2023 09:29;MACAÉ;27/03/2023 12:29;MACAÉ;2.0;229,53;Upgrade;RAC_ES_RJ_INTERIOR;RAC_ES_RJ_INTERIOR
20338854;Eventual;Aberto;RTO1D99;MV1YXU8MY0BR;FX;H;WebServices (XML);25/03/2023 09:34;SÃO JOSÉ DO RIO PRETO AEROPORTO;27/03/2023 09:30;SÃO JOSÉ DO RIO PRETO AEROPORTO;2.0;288,29;Upgrade;RAC_SP_INTERIOR;RAC_SP_INTERIOR
20338950;Eventual;Aberto;GIA2E95;MV1JNTT0F8BR;D;H;Parcerias;25/03/2023 09:40;SÃO PAULO - GUARULHOS AEROPORTO;27/03/2023 11:00;SÃO PAULO - GUARULHOS AEROPORTO;2.0;409,76;Upgrade;RAC_SP_ZL_ABC_VP;RAC_SP_ZL_ABC_VP
20338953;Eventual;Aberto;FWA3E76;MV1QQCUM58BR;D;HX;Mobile;25/03/2023 09:40;POUSO ALEGRE;27/03/2023 09:30;POUSO ALEGRE;2.0;423,36;Upgrade;RAC_MG;RAC_MG
20338969;Eventual;Aberto;EGU8I34;MV2M9HAD8IBR;QX;HX;Website Movida;25/03/2023 09:58;SÃO PAULO - SHOPPING PATIO PAULISTA;27/03/2023 09:30;SÃO PAULO - SHOPPING PATIO PAULISTA;2.0;479,23;Upgrade;RAC_SP_CAPITAL;RAC_SP_CAPITAL
20339038;Eventual;Aberto;RUJ9D64;MV25AFXTIUBR;HW;HX;WebServices (XML);25/03/2023 10:00;SÃO CAETANO DO SUL;27/03/2023 10:00;SÃO CAETANO DO SUL;2.0;576,58;Upgrade;;
20339169;Eventual;Aberto;ELU3I75;MV24KOHLBRBR;BX;H;WebServices (XML);25/03/2023 10:00;VITÓRIA AEROPORTO;27/03/2023 18:30;VITÓRIA AEROPORTO;3.0;457,25;Upgrade;RAC_ES_RJ_INTERIOR;RAC_ES_RJ_INTERIOR
20339294;Eventual;Aberto;RTM9J43;MV1KFHPNGOBR;D;H;Website Movida;25/03/2023 10:15;SÃO PAULO - BARRA FUNDA;27/03/2023 13:15;SÃO PAULO - BARRA FUNDA;2.0;658,22;Upgrade;RAC_SP_CAPITAL;RAC_SP_CAPITAL
20339314;Eventual;Aberto;GGI7A73;MV1K7V70KRBR;H;QX;WebServices (XML);25/03/2023 10:20;BELO HORIZONTE LOURDES BIAS FORTES;27/03/2023 10:00;BELO HORIZONTE LOURDES BIAS FORTES;2.0;481,14;Upgrade;RAC_MG;RAC_MG
20339375;Eventual;Aberto;RTO7G69;MV24KOIFXGBR;D;H;WebServices (XML);25/03/2023 10:20;VITÓRIA AEROPORTO;27/03/2023 13:00;VITÓRIA AEROPORTO;2.0;198,26;Upgrade;RAC_ES_RJ_INTERIOR;RAC_ES_RJ_INTERIOR
20339405;Eventual;Aberto;RTO0H10;MV2250VCCEBR;FX;H;Mobile;25/03/2023 10:16;JUIZ DE FORA CENTRO;27/03/2023 13:16;JUIZ DE FORA CENTRO;2.0;402,24;Upgrade;RAC_ES_RJ_INTERIOR;RAC_ES_RJ_INTERIOR
20339438;Eventual;Aberto;RUC3I65;MV23A0AXY9BR;D;QX;Mobile;25/03/2023 10:19;UBERLÂNDIA AEROPORTO;27/03/2023 10:30;UBERLÂNDIA AEROPORTO;2.0;870,11;UpSell;RAC_MG;RAC_MG
20339451;Eventual;Aberto;RTO1C74;MV24KONADFBR;FX;H;Mobile;25/03/2023 10:20;VITÓRIA AEROPORTO;27/03/2023 19:00;VITÓRIA AEROPORTO;3.0;501,48;Upgrade;RAC_ES_RJ_INTERIOR;RAC_ES_RJ_INTERIOR
20339715;Eventual;Aberto;RTO9I80;MV1RE7IXVMBR;F;H;Mobile;25/03/2023 10:48;CONTAGEM;27/03/2023 10:47;CONTAGEM;2.0;308,94;Upgrade;RAC_MG;RAC_MG
20339736;Eventual;Aberto;RTX1F97;MV1NMTG0QBBR;H;HX;Website Movida;25/03/2023 10:43;MOGI DAS CRUZES;27/03/2023 10:00;MOGI DAS CRUZES;2.0;537,19;Upgrade;RAC_SP_ZL_ABC_VP;RAC_SP_ZL_ABC_VP
20339794;Eventual;Aberto;RON6C52;MV1QXYED7HBR;FX;FY;Mobile;25/03/2023 10:37;MANAUS CENTRO;27/03/2023 13:37;MANAUS CENTRO;2.0;441,03;Upgrade;RAC_NORTE;RAC_NORTE
20339896;Eventual;Aberto;RTU2H33;MV1PDQU63FBR;C;D;Parcerias;25/03/2023 10:57;CAMPINA GRANDE AEROPORTO;27/03/2023 11:00;CAMPINA GRANDE AEROPORTO;2.0;267,95;Upgrade;RAC_NORDESTE;RAC_NORDESTE
20339918;Eventual;Aberto;RUH8C12;MV1S05JTBUBR;D;HX;Mobile;25/03/2023 11:05;NAVEGANTES AEROPORTO;27/03/2023 10:00;NAVEGANTES AEROPORTO;2.0;412,50;Upgrade;RAC_SUL_PR_SC;RAC_SUL_PR_SC
20339983;Eventual;Aberto;RTT1J63;MV4H1FFKW8KBR;HX;HY;Link Colaborador;25/03/2023 11:04;RIO DE JANEIRO - CAMPO GRANDE;27/03/2023 12:30;RIO DE JANEIRO - CAMPO GRANDE;2.0;430,38;Upgrade;RAC_RJ_CAPITAL;RAC_RJ_CAPITAL
20340052;Eventual;Aberto;RVC1G53;MV28C2Q9BPBR;F;FY;Mobile;25/03/2023 11:10;SÃO PAULO - SHOPPING DeD - BROOKLIN;27/03/2023 14:05;SÃO PAULO - SHOPPING DeD - BROOKLIN;2.0;673,86;Upgrade;RAC_SP_CAPITAL;RAC_SP_CAPITAL
20340112;Eventual;Aberto;RUC3I56;MV25AFXV37BR;HX;QX;WebServices (XML);25/03/2023 11:20;SÃO CAETANO DO SUL;27/03/2023 12:00;SÃO CAETANO DO SUL;2.0;666,83;Upgrade;;
20340339;Eventual;Aberto;SDU3E83;MV1TO698GPBR;KX;KE;WebServices (XML);25/03/2023 11:45;SÃO PAULO - JUSCELINO KUBITSCHEK;27/03/2023 13:00;SÃO PAULO - JUSCELINO KUBITSCHEK;2.0;1.403,58;Upgrade;RAC_SP_CAPITAL;RAC_SP_CAPITAL
20340389;Eventual;Aberto;RTW2D97;MV1QOG8HR1BR;D;HX;Call Center;25/03/2023 11:38;SÃO CARLOS;27/03/2023 10:00;SÃO CARLOS;2.0;331,09;Upgrade;RAC_SP_INTERIOR;RAC_SP_INTERIOR
20340461;Eventual;Aberto;RTM2I93;MV24KONCLWBR;D;H;Mobile;25/03/2023 12:36;VITÓRIA AEROPORTO;26/03/2023 13:00;VITÓRIA AEROPORTO;1.0;167,35;Upgrade;RAC_ES_RJ_INTERIOR;RAC_ES_RJ_INTERIOR
20340563;Eventual;Aberto;RKP7E87;MV1TO69VMQBR;H;HX;Parcerias;25/03/2023 12:00;SÃO PAULO - JUSCELINO KUBITSCHEK;27/03/2023 08:30;SÃO PAULO - JUSCELINO KUBITSCHEK;2.0;779,97;UpSell;RAC_SP_CAPITAL;RAC_SP_CAPITAL
20340593;Eventual;Aberto;RUB6F07;MV1Q1LKBDABR;AX;HY;Mobile;25/03/2023 12:02;NITERÓI;27/03/2023 12:30;NITERÓI;2.0;314,85;Upgrade;RAC_RJ_CAPITAL;RAC_RJ_CAPITAL
20340624;Eventual;Aberto;EXE4F24;MV22TR7C93BR;F;H;Mobile;25/03/2023 12:50;RIO DE JANEIRO - SHOPPING BOULEVARD;26/03/2023 13:00;RIO DE JANEIRO - SHOPPING BOULEVARD;1.0;133,18;Upgrade;RAC_RJ_CAPITAL;RAC_RJ_CAPITAL
20340691;Eventual;Aberto;ECU0A15;MV4H1FFKSF3BR;H;HX;Mobile;25/03/2023 13:05;RIO DE JANEIRO - CAMPO GRANDE;27/03/2023 13:00;RIO DE JANEIRO - BANGU SHOPPING;2.0;540,15;Upgrade;RAC_RJ_CAPITAL;RAC_RJ_CAPITAL
20341084;Eventual;Aberto;RTO7F20;MV2250VRSKBR;G;H;Website Movida;25/03/2023 12:45;JUIZ DE FORA CENTRO;27/03/2023 11:30;JUIZ DE FORA CENTRO;2.0;439,02;Upgrade;RAC_ES_RJ_INTERIOR;RAC_ES_RJ_INTERIOR
20341106;Eventual;Aberto;RUH7H92;MV1JNTT1SRBR;HX;D;Mobile;25/03/2023 12:57;SÃO PAULO - GUARULHOS AEROPORTO;27/03/2023 16:30;SÃO PAULO - GUARULHOS AEROPORTO;2.0;578,39;UpSell;RAC_SP_ZL_ABC_VP;RAC_SP_ZL_ABC_VP
20341137;Eventual;Aberto;RMM8B65;MV1N1VFEJFBR;FX;FY;Mobile;25/03/2023 13:30;MACAÉ;27/03/2023 18:00;MACAÉ;2.0;489,49;Upgrade;RAC_ES_RJ_INTERIOR;RAC_ES_RJ_INTERIOR
20341194;Eventual;Aberto;RTZ7B98;MV1O8RC6S4BR;MJ;MJ;Mobile;25/03/2023 13:10;SÃO PAULO - SHOPPING CAMPO LIMPO;27/03/2023 12:00;SÃO PAULO - SHOPPING CAMPO LIMPO;2.0;704,57;Upgrade;RAC_SP_CAPITAL;RAC_SP_CAPITAL
20341374;Eventual;Aberto;RUA1D46;MV1SHABM2RBR;H;HX;Mobile;25/03/2023 14:11;CURITIBA AEROPORTO;27/03/2023 14:30;CURITIBA AEROPORTO;2.0;538,19;Upgrade;RAC_SUL_PR_SC;RAC_SUL_PR_SC
20341438;Eventual;Aberto;RUQ7H77;MV282JJ60JBR;BS;H;WebServices (XML);25/03/2023 14:00;RIO DE JANEIRO - BARRA DA TIJUCA AYRTON SENNA;27/03/2023 14:00;RIO DE JANEIRO - BARRA DA TIJUCA AYRTON SENNA;2.0;558,07;UpSell;RAC_RJ_CAPITAL;RAC_RJ_CAPITAL
20341596;Eventual;Aberto;RGB1H67;MV1WEDBF7YBR;HX;HW;Mobile;25/03/2023 14:07;SÃO PAULO - TATUAPÉ II;27/03/2023 14:00;SÃO PAULO - GUARULHOS AEROPORTO;2.0;633,09;UpSell;RAC_SP_ZL_ABC_VP;RAC_SP_ZL_ABC_VP
20341771;Eventual;Aberto;GIJ8E11;MV1V9DW2U2BR;F;H;Mobile;25/03/2023 15:23;MACAPA AEROPORTO;27/03/2023 16:00;MACAPA AEROPORTO;2.0;345,90;Upgrade;RAC_NORTE;RAC_NORTE
20341792;Eventual;Aberto;RON4D31;MV1K5YKAYUBR;E;K;WebServices (XML);25/03/2023 14:30;RIO DE JANEIRO-SANTOS DUMONT AERO/MARINA GLORIA;27/03/2023 10:00;RIO DE JANEIRO-SANTOS DUMONT AERO/MARINA GLORIA;2.0;655,98;Upgrade;RAC_RJ_CAPITAL;RAC_RJ_CAPITAL
20341871;Eventual;Aberto;EOD4J86;MV1UFTB1DFBR;F;HX;Parcerias;25/03/2023 14:59;BELO HORIZONTE PAMPULHA ANTONIO CARLOS;26/03/2023 15:00;BELO HORIZONTE PAMPULHA ANTONIO CARLOS;1.0;283,47;Upgrade;RAC_MG;RAC_MG
20341925;Eventual;Aberto;GFJ7C03;MV2WFIPMWQBR;FX;HX;Mobile;25/03/2023 15:10;NOVA IGUAÇU;27/03/2023 15:30;NOVA IGUAÇU;2.0;455,73;Upgrade;RAC_ES_RJ_INTERIOR;RAC_ES_RJ_INTERIOR
20342368;Eventual;Aberto;GJY3F47;MV4H530E7E7BR;F;H;Loja - Walk in;25/03/2023 17:00;"Filial ID
NRSH    RIO DE JANEIRO - NORTE SHOPPING
NRSH    RIO DE JANEIRO - NORTE SHOPPING
Name: Loja, dtype: object";27/03/2023 15:30;"Filial ID
NRSH    RIO DE JANEIRO - NORTE SHOPPING
NRSH    RIO DE JANEIRO - NORTE SHOPPING
Name: Loja, dtype: object";2.0;505,73;Upgrade;"Filial ID
NRSH    RAC_RJ_CAPITAL
NRSH               NaN
Name: Região, dtype: object";"Filial ID
NRSH    RAC_RJ_CAPITAL
NRSH               NaN
Name: Região, dtype: object"
20342427;Eventual;Aberto;RTI2D21;MV2D2PBQ52BR;JC;M;WebServices (XML);25/03/2023 17:20;BARUERI ALPHAVILLE - TAMBORE;27/03/2023 20:00;COTIA GRANJA VIANNA SHOPPING;2.0;747,62;Upgrade;RAC_SP_INTERIOR;RAC_SP_INTERIOR
20342449;Eventual;Aberto;GHH1B93;MV1UHPY1H8BR;BX;D;Loja - Walk in;25/03/2023 17:17;VITÓRIA DA CONQUISTA AEROPORTO;27/03/2023 17:17;VITÓRIA DA CONQUISTA AEROPORTO;2.0;482,54;UpSell;RAC_BA_SE_AL;RAC_BA_SE_AL
20342877;Eventual;Aberto;RUZ1F79;MV22TR7ORHBR;BX;K;Portal Agência;25/03/2023 19:24;RIO DE JANEIRO - SHOPPING BOULEVARD;27/03/2023 20:00;RIO DE JANEIRO - SHOPPING BOULEVARD;2.0;283,99;Upgrade;RAC_RJ_CAPITAL;RAC_RJ_CAPITAL
20342993;Eventual;Aberto;RIS7I04;MV1LKH6NTFBR;G;HX;Parcerias;25/03/2023 19:47;RIO DE JANEIRO - COPACABANA RIO SUL SH;27/03/2023 19:30;RIO DE JANEIRO - COPACABANA RIO SUL SH;2.0;390,92;Upgrade;RAC_RJ_CAPITAL;RAC_RJ_CAPITAL
20343012;Eventual;Aberto;FRZ0G54;MV1LKH17RMBR;BX;D;Website Movida;25/03/2023 19:52;RIO DE JANEIRO - COPACABANA RIO SUL SH;27/03/2023 20:00;RIO DE JANEIRO-SANTOS DUMONT AERO/MARINA GLORIA;2.0;272,05;Upgrade;RAC_RJ_CAPITAL;RAC_RJ_CAPITAL
20343042;Eventual;Aberto;RUH7J98;MV23A0BQICBR;H;D;Loja - Walk in;25/03/2023 20:00;UBERLÂNDIA AEROPORTO;27/03/2023 22:00;UBERLÂNDIA AEROPORTO;2.0;459,19;UpSell;RAC_MG;RAC_MG
20343056;Eventual;Aberto;RMH1C65;MV1LKH6P5EBR;B;FY;Call Center;25/03/2023 20:10;RIO DE JANEIRO - COPACABANA RIO SUL SH;27/03/2023 20:10;RIO DE JANEIRO - COPACABANA RIO SUL SH;2.0;255,65;Upgrade;RAC_RJ_CAPITAL;RAC_RJ_CAPITAL
20343233;Eventual;Aberto;RTK1C93;MV1UT5S8ENBR;HX;SS;Mobile;26/03/2023 18:50;SÃO PAULO - SHOPPING SANTA CRUZ;27/03/2023 19:00;SÃO PAULO - SHOPPING SANTA CRUZ;1.0;290,36;Upgrade;RAC_SP_CAPITAL;RAC_SP_CAPITAL
20343239;Eventual;Aberto;RTU2F38;MV24KOMR52BR;BX;D;Portal Empresa;25/03/2023 21:30;VITÓRIA AEROPORTO;26/03/2023 20:00;VITÓRIA AEROPORTO;1.0;159,57;Upgrade;RAC_ES_RJ_INTERIOR;RAC_ES_RJ_INTERIOR
20343309;Eventual;Aberto;RJS7F09;MV2499SNNABR;H;HX;Portal Empresa;25/03/2023 22:04;"Filial ID
POA    PORTO ALEGRE AEROPORTO
POA    PORTO ALEGRE AEROPORTO
Name: Loja, dtype: object";27/03/2023 22:00;"Filial ID
POA    PORTO ALEGRE AEROPORTO
POA    PORTO ALEGRE AEROPORTO
Name: Loja, dtype: object";2.0;409,56;Upgrade;"Filial ID
POA    RAC_SUL_RS_SC
POA    RAC_SUL_RS_SC
Name: Região, dtype: object";"Filial ID
POA    RAC_SUL_RS_SC
POA    RAC_SUL_RS_SC
Name: Região, dtype: object"
20343413;Eventual;Aberto;SHB7E43;MV1QB4R7YHBR;BS;HX;Mobile;25/03/2023 22:59;BOA VISTA AEROPORTO;27/03/2023 22:59;BOA VISTA AEROPORTO;2.0;442,40;Upgrade;RAC_NORTE;RAC_NORTE
20343868;Eventual;Aberto;RTU2G44;MV1JLX69TIBR;BS;D;WebServices (XML);26/03/2023 09:25;SÃO PAULO - CONGONHAS AEROPORTO;27/03/2023 12:25;SÃO PAULO - CONGONHAS AEROPORTO;1.0;232,39;Upgrade;RAC_SP_CAPITAL;RAC_SP_CAPITAL
20344066;Eventual;Aberto;RUC0E06;MV208DI27DBR;H;HX;Website Movida;26/03/2023 10:05;SÃO PAULO - MOEMA;27/03/2023 10:00;SÃO PAULO - MOEMA;1.0;313,99;Upgrade;RAC_SP_CAPITAL;RAC_SP_CAPITAL
20344261;Eventual;Aberto;GHY9C43;MV1OGE1KM3BR;H;HX;Website Movida;26/03/2023 10:50;SANTOS AFFONSO PENNA;27/03/2023 20:00;SANTOS AFFONSO PENNA;2.0;576,78;Upgrade;RAC_SP_ZL_ABC_VP;RAC_SP_ZL_ABC_VP
20344526;Eventual;Aberto;FRP2F23;MV1MHU1V6TBR;BX;D;Mobile;26/03/2023 11:54;NATAL AEROPORTO;27/03/2023 14:54;NATAL AEROPORTO;1.0;152,26;Upgrade;RAC_NORDESTE;RAC_NORDESTE
20344628;Eventual;Aberto;RMF1J10;MV1KST8FMQBR;HW;HY;Portal Agência;26/03/2023 14:30;CAMPO GRANDE AEROPORTO;27/03/2023 17:30;CAMPO GRANDE AEROPORTO;1.0;477,15;UpSell;RAC_CO;RAC_CO
20344698;Eventual;Aberto;RTW7J59;MV1K09GQDJBR;HW;HX;WebServices (XML);26/03/2023 12:23;FORTALEZA AEROPORTO;27/03/2023 13:00;FORTALEZA AEROPORTO;1.0;225,05;Upgrade;RAC_NORDESTE;RAC_NORDESTE
20344791;Eventual;Aberto;RKV7E08;MV1JPQGJ23BR;BS;G;Link Colaborador;26/03/2023 12:43;SÃO PAULO - CONSOLAÇÃO;27/03/2023 13:30;SÃO PAULO - CONSOLAÇÃO;1.0;154,00;Upgrade;RAC_SP_CAPITAL;RAC_SP_CAPITAL
20344852;Eventual;Aberto;GJA3H86;MV1JNTSVAOBR;D;H;Mobile;26/03/2023 12:56;SÃO PAULO - GUARULHOS AEROPORTO;27/03/2023 15:00;MOGI DAS CRUZES;1.0;193,17;Upgrade;RAC_SP_ZL_ABC_VP;RAC_SP_ZL_ABC_VP
20344895;Eventual;Aberto;RTO8G19;MV2XQ8490XBR;BS;H;Mobile;26/03/2023 13:15;GOIÂNIA T63;27/03/2023 13:15;GOIÂNIA T63;1.0;319,96;Upgrade;RAC_CO;RAC_CO
20344994;Eventual;Aberto;FZP9G21;MV301WFF7NBR;QX;XE;Parcerias;26/03/2023 13:40;SÃO PAULO - SHOPPING ELDORADO;27/03/2023 16:40;SÃO PAULO - SHOPPING ELDORADO;1.0;216,14;Upgrade;RAC_SP_CAPITAL;RAC_SP_CAPITAL
20345017;Eventual;Aberto;RTG2I09;MV1TQ31077BR;HW;HY;WebServices (XML);26/03/2023 13:38;MARINGÁ AEROPORTO;27/03/2023 12:30;MARINGÁ AEROPORTO;1.0;236,66;Upgrade;RAC_SUL_PR_SC;RAC_SUL_PR_SC
20345018;Eventual;Aberto;EOA9A54;MV1K5YKFMHBR;H;D;WebServices (XML);26/03/2023 13:36;RIO DE JANEIRO-SANTOS DUMONT AERO/MARINA GLORIA;27/03/2023 13:00;BRASILIA AEROPORTO;1.0;230,61;Upgrade;RAC_RJ_CAPITAL;RAC_CO
20345026;Eventual;Aberto;FBO9D16;MV1JLX6T34BR;BS;D;Mobile;26/03/2023 14:06;SÃO PAULO - CONGONHAS AEROPORTO;27/03/2023 14:30;SÃO PAULO - CONGONHAS AEROPORTO;1.0;198,80;Upgrade;RAC_SP_CAPITAL;RAC_SP_CAPITAL
20345038;Eventual;Aberto;RTP0E47;MV1JTJQ10DBR;MR;M;Portal Empresa;26/03/2023 14:00;BELO HORIZONTE AEROPORTO CONFINS;27/03/2023 13:00;BELO HORIZONTE AEROPORTO CONFINS;1.0;605,04;Upgrade;RAC_MG;RAC_MG
20345076;Eventual;Aberto;RVX5E48;MV1MNJY2HIBR;HW;HY;Call Center;26/03/2023 13:54;TERESINA AEROPORTO;27/03/2023 17:00;TERESINA AEROPORTO;1.0;257,70;Upgrade;RAC_NORTE;RAC_NORTE
20345121;Eventual;Aberto;RJG7G78;MV27XQ8Q1LBR;BS;G;WebServices (XML);26/03/2023 14:15;SÃO PAULO - AVENIDA ARICANDUVA;27/03/2023 14:15;SÃO PAULO - AVENIDA ARICANDUVA;1.0;231,46;Upgrade;RAC_SP_ZL_ABC_VP;RAC_SP_ZL_ABC_VP
20345324;Eventual;Aberto;GCB7A55;MV27TX05MOBR;BS;D;Website Movida;26/03/2023 14:59;SÃO PAULO - VILA LEOPOLDINA;27/03/2023 16:00;SÃO PAULO - VILA LEOPOLDINA;1.0;169,99;Upgrade;RAC_SP_CAPITAL;RAC_SP_CAPITAL
20345361;Eventual;Aberto;RTO1F35;MV1JLX6TCTBR;G;H;Mobile;26/03/2023 15:08;SÃO PAULO - CONGONHAS AEROPORTO;27/03/2023 15:30;SÃO PAULO - CONGONHAS AEROPORTO;1.0;288,32;Upgrade;RAC_SP_CAPITAL;RAC_SP_CAPITAL
20345374;Eventual;Aberto;RTU4I73;MV1LGNV75CBR;BX;D;Mobile;26/03/2023 15:04;GOIÂNIA AEROPORTO;27/03/2023 14:00;GOIÂNIA AEROPORTO;1.0;232,28;UpSell;RAC_CO;RAC_CO
20345381;Eventual;Aberto;RNQ7C12;MV1P48PBI4BR;D;H;Parcerias;26/03/2023 15:11;JUNDIAÍ;27/03/2023 15:00;JUNDIAÍ;1.0;259,74;Upgrade;RAC_SP_INTERIOR;RAC_SP_INTERIOR
20345508;Eventual;Aberto;GAX3G91;MV1P48PC9LBR;D;H;Mobile;26/03/2023 15:48;JUNDIAÍ;27/03/2023 14:30;JUNDIAÍ;1.0;344,27;Upgrade;RAC_SP_INTERIOR;RAC_SP_INTERIOR
20345568;Eventual;Aberto;RTO1J30;MV28FV14YDBR;BS;HX;Call Center;26/03/2023 16:05;RIO DE JANEIRO - BARRA DA TIJUCA EXTRA;27/03/2023 16:05;RIO DE JANEIRO - BARRA DA TIJUCA EXTRA;1.0;188,00;Upgrade;RAC_RJ_CAPITAL;RAC_RJ_CAPITAL
20345579;Eventual;Aberto;RNV9A00;MV1T5503X4BR;BX;D;Mobile;26/03/2023 16:15;SÃO PAULO - SHOPPING BUTANTÃ;27/03/2023 16:30;SÃO PAULO - SHOPPING BUTANTÃ;1.0;168,41;Upgrade;RAC_SP_CAPITAL;RAC_SP_CAPITAL
20345684;Eventual;Aberto;GJN0E36;MV23A0BU2HBR;AX;QX;Loja - Walk in;26/03/2023 16:40;UBERLÂNDIA AEROPORTO;27/03/2023 19:40;UBERLÂNDIA AEROPORTO;1.0;443,46;UpSell;RAC_MG;RAC_MG
20345696;Eventual;Aberto;RNN5E52;MV1OGE1WSLBR;BX;H;Parcerias;26/03/2023 16:39;SANTOS AFFONSO PENNA;27/03/2023 17:00;SANTOS AFFONSO PENNA;1.0;293,85;UpSell;RAC_SP_ZL_ABC_VP;RAC_SP_ZL_ABC_VP
20345755;Eventual;Aberto;RTM1J34;MV4H06MVKK4BR;D;H;Portal Agência;26/03/2023 16:51;RIO DE JANEIRO - BANGU SHOPPING;27/03/2023 17:00;RIO DE JANEIRO - BANGU SHOPPING;1.0;157,82;Upgrade;RAC_RJ_CAPITAL;RAC_RJ_CAPITAL
20345872;Eventual;Aberto;RVF6E43;MV1KWMICF2BR;BX;SY;Website Movida;26/03/2023 17:25;BRASILIA AEROPORTO;27/03/2023 18:00;BRASILIA AEROPORTO;1.0;414,19;Upgrade;RAC_CO;RAC_CO
20345982;Eventual;Aberto;RTO1B82;MV1K5YKGLHBR;F;H;Website Movida;26/03/2023 18:00;RIO DE JANEIRO-SANTOS DUMONT AERO/MARINA GLORIA;27/03/2023 18:00;RIO DE JANEIRO-SANTOS DUMONT AERO/MARINA GLORIA;1.0;238,99;Upgrade;RAC_RJ_CAPITAL;RAC_RJ_CAPITAL
20346094;Eventual;Aberto;RUR7F83;MV1OCKRBEFBR;BX;HX;Loja - Walk in;26/03/2023 18:40;RIBEIRÃO PRETO AEROPORTO;27/03/2023 19:30;RIBEIRÃO PRETO AEROPORTO;1.0;332,00;Upgrade;RAC_MG;RAC_MG
20346106;Eventual;Aberto;GAD8F75;MV28C2Q6J3BR;HW;HX;Portal Empresa;26/03/2023 18:27;SÃO PAULO - SHOPPING DeD - BROOKLIN;27/03/2023 18:00;SÃO PAULO - SHOPPING DeD - BROOKLIN;1.0;256,00;Upgrade;RAC_SP_CAPITAL;RAC_SP_CAPITAL
20346115;Eventual;Aberto;RTO9J54;MV24KONI6ABR;FX;H;Mobile;26/03/2023 18:29;VITÓRIA AEROPORTO;27/03/2023 18:00;VITÓRIA AEROPORTO;1.0;186,31;Upgrade;RAC_ES_RJ_INTERIOR;RAC_ES_RJ_INTERIOR
20346170;Eventual;Aberto;GCW7B36;MV2ACIDMM9BR;FX;H;Call Center;26/03/2023 18:45;CAMPINAS OROSIMBO;27/03/2023 20:00;CAMPINAS OROSIMBO;1.0;258,56;Upgrade;RAC_SP_INTERIOR;RAC_SP_INTERIOR
20346349;Eventual;Aberto;RTW7I29;MV1O8RHIQSBR;FY;HX;Mobile;26/03/2023 19:24;SÃO PAULO - SHOPPING CAMPO LIMPO;27/03/2023 18:00;SÃO PAULO - SHOPPING CAMPO LIMPO;1.0;250,84;Upgrade;RAC_SP_CAPITAL;RAC_SP_CAPITAL
20346350;Eventual;Aberto;RTX0J73;MV1JNTT7BBBR;H;HX;WebServices (XML);26/03/2023 19:30;SÃO PAULO - GUARULHOS AEROPORTO;27/03/2023 19:00;SÃO PAULO - GUARULHOS AEROPORTO;1.0;210,90;Upgrade;RAC_SP_ZL_ABC_VP;RAC_SP_ZL_ABC_VP
20346376;Eventual;Aberto;GJQ6G05;MV1TO6D3OXBR;F;H;Portal Agência;26/03/2023 19:26;SÃO PAULO - JUSCELINO KUBITSCHEK;27/03/2023 20:00;SÃO PAULO - JUSCELINO KUBITSCHEK;1.0;132,66;Upgrade;RAC_SP_CAPITAL;RAC_SP_CAPITAL
20346422;Eventual;Aberto;RIZ6F63;MV1KWMIJOBBR;HX;G;Loja - Walk in;26/03/2023 19:45;BRASILIA AEROPORTO;27/03/2023 20:00;BRASILIA AEROPORTO;1.0;282,44;UpSell;RAC_CO;RAC_CO
20346444;Eventual;Aberto;GFL4A15;MV1KJB2027BR;G;HX;Mobile;26/03/2023 19:49;CAMPINAS AEROPORTO;27/03/2023 20:30;SÃO PAULO - GUARULHOS AEROPORTO;1.0;363,92;Upgrade;RAC_SP_INTERIOR;RAC_SP_ZL_ABC_VP
20346461;Eventual;Aberto;RUQ1D67;MV1TO6DQC3BR;BS;SY;Portal Empresa;26/03/2023 19:54;SÃO PAULO - JUSCELINO KUBITSCHEK;27/03/2023 20:00;SÃO PAULO - JUSCELINO KUBITSCHEK;1.0;499,17;UpSell;RAC_SP_CAPITAL;RAC_SP_CAPITAL
20346587;Eventual;Aberto;RNV0D89;MV1LGNW6F7BR;BX;HX;Loja - Walk in;26/03/2023 20:40;GOIÂNIA AEROPORTO;27/03/2023 20:40;GOIÂNIA AEROPORTO;1.0;355,31;Upgrade;RAC_CO;RAC_CO
20346595;Eventual;Aberto;RTN0B58;MV1K09NEB9BR;HW;KX;Mobile;26/03/2023 20:37;FORTALEZA AEROPORTO;27/03/2023 20:00;FORTALEZA AEROPORTO;1.0;1.046,34;UpSell;RAC_NORDESTE;RAC_NORDESTE
20346760;Eventual;Aberto;RKE7D35;MV1JNTT90DBR;G;HX;Mobile;26/03/2023 22:10;SÃO PAULO - GUARULHOS AEROPORTO;27/03/2023 22:10;SÃO PAULO - GUARULHOS AEROPORTO;1.0;277,24;Upgrade;RAC_SP_ZL_ABC_VP;RAC_SP_ZL_ABC_VP
20346775;Eventual;Aberto;RNM8C58;MV1SBKEORFBR;FX;FY;Website Movida;26/03/2023 22:26;FLORIANÓPOLIS AEROPORTO;27/03/2023 21:30;MARINGÁ AEROPORTO;1.0;1.495,40;Upgrade;RAC_SUL_RS_SC;RAC_SUL_PR_SC
20346860;Eventual;Aberto;RTC0A54;MV1SBKEQ44BR;F;G;Call Center;26/03/2023 23:50;FLORIANÓPOLIS AEROPORTO;27/03/2023 19:00;FLORIANÓPOLIS AEROPORTO;1.0;244,09;Upgrade;RAC_SUL_RS_SC;RAC_SUL_RS_SC
20346874;Eventual;Aberto;BND0B61;MV1K09LBVNBR;FY;FX;Parcerias;26/03/2023 23:45;FORTALEZA AEROPORTO;27/03/2023 22:30;FORTALEZA AEROPORTO;1.0;319,30;Upgrade;RAC_NORDESTE;RAC_NORDESTE
20347319;Eventual;Aberto;RTT0B31;MV2D2PBEWUBR;D;H;Portal Agência;27/03/2023 07:15;BARUERI ALPHAVILLE - TAMBORE;27/03/2023 20:00;BARUERI ALPHAVILLE - TAMBORE;1.0;243,40;Upgrade;RAC_SP_INTERIOR;RAC_SP_INTERIOR
20347647;Eventual;Aberto;RUH1E56;MV1SBKEI4IBR;FY;H;Portal Agência;27/03/2023 08:00;FLORIANÓPOLIS AEROPORTO;27/03/2023 17:00;FLORIANÓPOLIS AEROPORTO;1.0;220,70;Upgrade;RAC_SUL_RS_SC;RAC_SUL_RS_SC
20347732;Eventual;Aberto;RUA9F23;MV1KJB1N78BR;F;HX;Portal Agência;27/03/2023 08:00;CAMPINAS AEROPORTO;27/03/2023 23:50;CAMPINAS AEROPORTO;1.0;232,34;Upgrade;RAC_SP_INTERIOR;RAC_SP_INTERIOR
20348557;Eventual;Aberto;RKA7H70;MV1LGNJ4EXBR;BS;HX;Portal Agência;27/03/2023 08:56;GOIÂNIA AEROPORTO;27/03/2023 19:00;GOIÂNIA AEROPORTO;1.0;218,73;Upgrade;RAC_CO;RAC_CO
20348595;Eventual;Aberto;RKI7E42;MV1JTJOYJ6BR;F;HX;Portal Agência;27/03/2023 09:00;BELO HORIZONTE AEROPORTO CONFINS;27/03/2023 18:30;BELO HORIZONTE AEROPORTO CONFINS;1.0;223,90;Upgrade;RAC_MG;RAC_MG
20349360;Eventual;Aberto;RUW0B52;MV1JLX6XNWBR;BX;L;WebServices (XML);27/03/2023 10:00;SÃO PAULO - CONGONHAS AEROPORTO;27/03/2023 23:30;SÃO PAULO - GUARULHOS AEROPORTO;1.0;319,48;Upgrade;RAC_SP_CAPITAL;RAC_SP_ZL_ABC_VP
20350110;Eventual;Aberto;RTU2D63;MV1OGE24U5BR;D;H;Mobile;27/03/2023 10:45;SANTOS AFFONSO PENNA;27/03/2023 19:30;CAMPINAS AEROPORTO;1.0;242,79;Upgrade;RAC_SP_ZL_ABC_VP;RAC_SP_INTERIOR
